Date,Store ID,Product ID,Category,Region,Inventory Level,Units Sold,Units Ordered,Demand Forecast,Price,Discount,Weather Condition,Holiday/Promotion,Competitor Pricing,Seasonal Tag,Supplier Lead Time (days),Product Rating,Return Rate,Stockout Indicator,Store Type,Customer Footfall,units_sold_ma7,lag_1_units_sold,month
2022-02-06,S005,Blueberry Muffin,Groceries,South,143,6,192,151.21,213.65,23,Sunny,1,218.17,Spring,8,3.3,0.023,0,Large,690,6.0,0.0,2022-02
2022-04-04,S005,Blueberry Muffin,Clothing,South,233,99,176,90.55,145.53,33,Sunny,1,174.18,Autumn,9,1.9,0.16,0,Large,680,52.5,6.0,2022-04
2022-04-05,S002,Blueberry Muffin,Toys,West,110,0,90,84.77,351.13,49,Cloudy,1,299.44,Autumn,9,3.1,0.036,0,Large,123,35.0,99.0,2022-04
2022-04-06,S004,Blueberry Muffin,Toys,North,241,49,197,121.32,321.46,24,Snowy,1,333.67,Winter,9,3.2,0.096,0,Large,484,38.5,0.0,2022-04
2022-05-01,S001,Blueberry Muffin,Clothing,North,404,212,66,89.12,478.99,9,Snowy,1,544.52,Spring,1,4.0,0.062,0,Medium,511,73.2,49.0,2022-05
2022-05-04,S002,Blueberry Muffin,Electronics,South,285,14,96,93.74,407.52,39,Snowy,1,467.33,Summer,8,1.4,0.141,0,Small,340,63.333333333333336,212.0,2022-05
2022-06-05,S003,Blueberry Muffin,Clothing,East,487,3,18,199.2,174.41,43,Cloudy,0,207.6,Autumn,3,4.1,0.126,0,Medium,201,54.714285714285715,14.0,2022-06
2022-06-06,S003,Blueberry Muffin,Clothing,South,444,19,13,139.97,456.47,36,Sunny,1,449.01,Summer,12,4.2,0.029,0,Medium,550,56.57142857142857,3.0,2022-06
2022-07-03,S002,Blueberry Muffin,Toys,East,251,35,188,277.32,89.1,43,Sunny,1,81.64,Autumn,10,2.5,0.177,0,Large,864,47.42857142857143,19.0,2022-07
2022-08-02,S005,Blueberry Muffin,Clothing,East,193,109,27,69.56,247.56,24,Snowy,1,289.6,Autumn,11,2.1,0.084,0,Large,396,63.0,35.0,2022-08
2022-08-05,S003,Blueberry Muffin,Groceries,North,267,89,166,59.23,228.12,17,Sunny,1,264.28,Summer,9,2.2,0.008,0,Large,413,68.71428571428571,109.0,2022-08
2022-08-06,S005,Blueberry Muffin,Groceries,East,87,17,195,91.75,442.07,41,Cloudy,0,393.37,Summer,3,3.4,0.055,0,Small,316,40.857142857142854,89.0,2022-08
2022-12-01,S003,Blueberry Muffin,Toys,West,105,19,20,172.08,21.89,29,Rainy,1,24.73,Spring,12,3.1,0.04,0,Small,653,41.57142857142857,17.0,2022-12
2022-01-01,S005,Butter Scotch Cup,Groceries,South,131,105,182,277.48,268.74,23,Cloudy,0,245.67,Spring,3,3.9,0.003,0,Large,991,105.0,0.0,2022-01
2022-01-03,S004,Butter Scotch Cup,Clothing,East,233,120,14,189.42,99.45,44,Rainy,1,102.31,Spring,10,4.3,0.024,0,Large,631,112.5,105.0,2022-01
2022-02-01,S002,Butter Scotch Cup,Toys,East,448,173,174,77.85,33.78,39,Snowy,0,37.96,Winter,12,1.6,0.142,0,Medium,976,132.66666666666666,120.0,2022-02
2022-02-04,S001,Butter Scotch Cup,Clothing,South,80,56,94,100.61,282.82,50,Sunny,1,327.33,Winter,11,4.1,0.157,0,Small,774,113.5,173.0,2022-02
2022-03-05,S001,Butter Scotch Cup,Clothing,North,189,145,24,251.23,160.51,39,Sunny,1,180.98,Winter,5,4.0,0.134,0,Small,671,119.8,56.0,2022-03
2022-04-06,S005,Butter Scotch Cup,Toys,North,279,43,85,242.11,445.44,42,Rainy,1,395.22,Summer,9,2.5,0.032,0,Medium,713,107.0,145.0,2022-04
2022-05-06,S002,Butter Scotch Cup,Groceries,North,189,19,40,251.03,186.76,4,Cloudy,1,175.02,Autumn,7,2.6,0.145,0,Small,820,94.42857142857143,43.0,2022-05
2022-06-04,S002,Butter Scotch Cup,Electronics,West,80,15,154,107.3,444.36,4,Rainy,0,508.14,Spring,5,3.2,0.16,0,Small,450,81.57142857142857,19.0,2022-06
2022-07-02,S002,Butter Scotch Cup,Toys,West,451,187,144,157.91,375.99,16,Cloudy,1,350.93,Spring,5,2.2,0.197,0,Small,659,91.14285714285714,15.0,2022-07
2022-07-04,S004,Butter Scotch Cup,Electronics,East,244,142,137,206.62,165.9,17,Sunny,1,177.39,Spring,13,2.5,0.075,0,Large,158,86.71428571428571,187.0,2022-07
2022-08-01,S001,Butter Scotch Cup,Clothing,South,357,191,132,252.89,481.32,44,Rainy,1,577.32,Summer,14,4.1,0.131,0,Medium,484,106.0,142.0,2022-08
2022-08-06,S003,Butter Scotch Cup,Toys,South,366,248,188,221.65,118.34,6,Snowy,1,140.57,Spring,9,2.4,0.074,0,Large,644,120.71428571428571,191.0,2022-08
2022-08-06,S004,Butter Scotch Cup,Electronics,North,481,25,60,164.54,167.09,37,Snowy,0,196.67,Summer,1,3.0,0.039,0,Small,775,118.14285714285714,248.0,2022-08
2022-09-02,S004,Butter Scotch Cup,Toys,South,376,238,23,217.67,34.8,47,Cloudy,1,34.7,Summer,6,1.1,0.112,0,Small,869,149.42857142857142,25.0,2022-09
2022-10-04,S005,Butter Scotch Cup,Clothing,South,71,62,173,244.69,70.92,44,Snowy,1,61.6,Autumn,11,4.4,0.026,0,Medium,302,156.14285714285714,238.0,2022-10
2022-10-06,S005,Butter Scotch Cup,Clothing,West,78,25,94,229.48,152.92,27,Rainy,1,137.73,Spring,9,3.5,0.103,0,Large,242,133.0,62.0,2022-10
2022-11-02,S004,Butter Scotch Cup,Electronics,South,457,329,196,82.33,307.09,23,Rainy,1,270.7,Spring,5,2.6,0.126,0,Medium,982,159.71428571428572,25.0,2022-11
2022-11-04,S004,Butter Scotch Cup,Toys,North,416,331,115,239.46,176.67,41,Rainy,1,165.79,Autumn,4,4.9,0.067,0,Medium,884,179.71428571428572,329.0,2022-11
2022-11-04,S001,Butter Scotch Cup,Clothing,West,407,298,23,227.64,405.55,35,Cloudy,1,338.38,Autumn,11,2.9,0.002,0,Small,351,186.85714285714286,331.0,2022-11
2022-12-02,S001,Butter Scotch Cup,Toys,West,397,389,166,201.57,456.65,0,Sunny,0,451.11,Winter,8,3.5,0.148,0,Small,170,238.85714285714286,298.0,2022-12
2022-12-04,S005,Butter Scotch Cup,Groceries,East,93,36,58,108.17,89.07,12,Sunny,1,104.87,Spring,6,4.0,0.023,0,Large,236,210.0,389.0,2022-12
2022-12-05,S005,Butter Scotch Cup,Electronics,East,424,68,174,250.57,439.71,37,Cloudy,1,468.62,Spring,14,2.5,0.061,0,Small,182,210.85714285714286,36.0,2022-12
2022-02-01,S002,Caramel Popcorn,Toys,South,434,84,117,122.64,465.34,27,Cloudy,1,492.53,Autumn,9,2.4,0.023,0,Large,85,84.0,0.0,2022-02
2022-02-04,S003,Caramel Popcorn,Groceries,South,214,107,23,102.44,184.2,4,Rainy,1,182.43,Autumn,10,2.3,0.06,0,Medium,284,95.5,84.0,2022-02
2022-02-05,S001,Caramel Popcorn,Toys,West,191,173,19,281.2,172.97,50,Cloudy,1,154.7,Summer,12,1.1,0.083,0,Small,82,121.33333333333333,107.0,2022-02
2022-02-06,S003,Caramel Popcorn,Clothing,South,155,0,5,190.69,81.14,24,Rainy,1,78.97,Spring,3,1.4,0.126,0,Small,86,91.0,173.0,2022-02
2022-03-01,S004,Caramel Popcorn,Groceries,South,258,255,179,86.21,345.61,17,Rainy,1,379.25,Winter,9,3.6,0.177,0,Medium,172,123.8,0.0,2022-03
2022-03-05,S002,Caramel Popcorn,Groceries,West,272,71,42,226.01,379.13,15,Sunny,1,332.86,Winter,7,1.9,0.064,0,Small,560,115.0,255.0,2022-03
2022-04-04,S001,Caramel Popcorn,Groceries,West,200,62,32,160.04,487.04,9,Sunny,0,404.91,Autumn,2,1.3,0.018,0,Medium,820,107.42857142857143,71.0,2022-04
2022-04-05,S002,Caramel Popcorn,Groceries,North,151,41,192,156.3,319.79,18,Sunny,1,358.95,Summer,6,1.1,0.073,0,Medium,402,101.28571428571429,62.0,2022-04
2022-05-03,S002,Caramel Popcorn,Electronics,East,373,242,40,236.4,124.92,0,Sunny,1,136.2,Spring,5,1.6,0.066,0,Small,841,120.57142857142857,41.0,2022-05
2022-05-04,S003,Caramel Popcorn,Groceries,North,157,53,3,266.17,404.91,37,Cloudy,1,402.67,Summer,10,1.7,0.046,0,Small,600,103.42857142857143,242.0,2022-05
2022-05-06,S003,Caramel Popcorn,Electronics,North,290,258,22,193.76,381.77,22,Rainy,1,356.81,Summer,3,2.4,0.057,0,Medium,808,140.28571428571428,53.0,2022-05
2022-06-01,S005,Caramel Popcorn,Toys,West,108,54,46,100.23,131.76,30,Sunny,0,137.79,Spring,12,1.5,0.039,0,Large,396,111.57142857142857,258.0,2022-06
2022-06-03,S002,Caramel Popcorn,Toys,South,318,34,64,99.17,229.95,16,Snowy,1,245.27,Spring,3,2.4,0.089,0,Medium,280,106.28571428571429,54.0,2022-06
2022-07-04,S002,Caramel Popcorn,Clothing,North,434,272,25,162.86,373.8,32,Rainy,0,425.24,Autumn,8,2.0,0.06,0,Small,299,136.28571428571428,34.0,2022-07
2022-08-05,S005,Caramel Popcorn,Toys,South,100,53,115,83.78,300.07,1,Snowy,1,298.7,Summer,4,4.1,0.05,0,Small,604,138.0,272.0,2022-08
2022-08-06,S001,Caramel Popcorn,Toys,East,343,174,100,84.06,233.04,20,Sunny,0,227.54,Winter,14,1.0,0.104,0,Medium,534,128.28571428571428,53.0,2022-08
2022-09-01,S002,Caramel Popcorn,Groceries,North,77,76,139,88.9,491.27,18,Snowy,1,580.52,Autumn,12,2.2,0.169,0,Medium,585,131.57142857142858,174.0,2022-09
2022-09-06,S004,Caramel Popcorn,Electronics,South,106,63,38,297.44,377.68,15,Sunny,0,361.91,Spring,6,3.8,0.18,0,Large,520,103.71428571428571,76.0,2022-09
2022-10-03,S002,Caramel Popcorn,Clothing,North,79,42,57,109.72,77.46,23,Snowy,1,83.93,Summer,1,3.3,0.192,0,Large,503,102.0,63.0,2022-10
2022-10-03,S005,Caramel Popcorn,Toys,North,142,1,106,232.26,360.81,0,Cloudy,0,337.42,Spring,8,1.0,0.009,0,Large,53,97.28571428571429,42.0,2022-10
2022-10-04,S003,Caramel Popcorn,Clothing,North,363,276,132,209.09,275.89,29,Snowy,0,235.79,Winter,9,2.0,0.175,0,Large,808,97.85714285714286,1.0,2022-10
2022-11-03,S005,Caramel Popcorn,Groceries,South,173,35,84,59.87,163.26,45,Cloudy,0,132.33,Spring,7,1.6,0.055,0,Medium,679,95.28571428571429,276.0,2022-11
2022-12-03,S002,Caramel Popcorn,Toys,South,268,166,82,230.56,134.4,22,Snowy,1,116.74,Winter,5,4.3,0.164,0,Small,476,94.14285714285714,35.0,2022-12
2022-12-05,S002,Caramel Popcorn,Electronics,West,99,36,124,213.06,10.04,10,Sunny,0,9.09,Autumn,4,4.4,0.08,0,Medium,169,88.42857142857143,166.0,2022-12
2022-12-06,S004,Caramel Popcorn,Groceries,North,236,29,90,194.45,484.22,21,Snowy,0,576.81,Autumn,2,3.8,0.144,0,Medium,146,83.57142857142857,36.0,2022-12
2022-01-02,S004,Cheese Crackers,Toys,North,382,77,192,283.18,109.01,4,Cloudy,0,110.33,Spring,7,4.9,0.026,0,Large,934,77.0,0.0,2022-01
2022-01-03,S005,Cheese Crackers,Electronics,South,224,92,192,65.03,393.78,15,Snowy,1,417.56,Spring,5,3.7,0.198,0,Large,499,84.5,77.0,2022-01
2022-02-06,S004,Cheese Crackers,Electronics,West,385,154,94,61.91,272.06,34,Sunny,0,282.1,Autumn,8,2.4,0.194,0,Small,492,107.66666666666667,92.0,2022-02
2022-03-01,S001,Cheese Crackers,Clothing,South,181,108,91,102.29,231.01,4,Sunny,0,194.52,Autumn,4,2.6,0.178,0,Small,797,107.75,154.0,2022-03
2022-03-02,S004,Cheese Crackers,Electronics,West,52,34,15,198.04,496.3,43,Cloudy,1,572.56,Summer,1,4.8,0.189,0,Large,773,93.0,108.0,2022-03
2022-03-04,S001,Cheese Crackers,Toys,South,104,77,80,293.44,124.14,16,Rainy,0,121.67,Summer,12,2.3,0.074,0,Large,908,90.33333333333333,34.0,2022-03
2022-03-06,S001,Cheese Crackers,Clothing,East,319,136,123,270.35,436.55,26,Sunny,1,463.35,Spring,5,2.7,0.151,0,Small,256,96.85714285714286,77.0,2022-03
2022-03-06,S002,Cheese Crackers,Groceries,East,382,213,69,114.6,142.23,5,Cloudy,1,150.78,Winter,12,4.8,0.191,0,Large,827,116.28571428571429,136.0,2022-03
2022-04-04,S004,Cheese Crackers,Toys,South,108,31,191,248.17,158.59,43,Snowy,1,158.69,Autumn,12,3.1,0.045,0,Medium,126,107.57142857142857,213.0,2022-04
2022-05-03,S005,Cheese Crackers,Toys,East,326,162,95,65.46,178.35,38,Sunny,0,198.07,Winter,3,3.9,0.038,0,Medium,73,108.71428571428571,31.0,2022-05
2022-05-05,S005,Cheese Crackers,Groceries,West,399,357,139,287.52,244.12,22,Cloudy,0,197.88,Summer,14,1.6,0.067,0,Large,694,144.28571428571428,162.0,2022-05
2022-08-02,S005,Cheese Crackers,Clothing,South,436,250,176,94.95,392.92,39,Rainy,1,466.87,Summer,9,2.8,0.188,0,Large,584,175.14285714285714,357.0,2022-08
2022-08-04,S002,Cheese Crackers,Toys,West,490,287,175,113.72,36.64,22,Rainy,1,35.03,Winter,14,4.7,0.046,0,Small,894,205.14285714285714,250.0,2022-08
2022-08-05,S002,Cheese Crackers,Electronics,South,292,1,37,210.74,144.85,3,Snowy,0,128.06,Winter,10,4.6,0.093,0,Small,632,185.85714285714286,287.0,2022-08
2022-09-01,S003,Cheese Crackers,Toys,North,442,235,177,290.69,117.36,39,Snowy,1,117.42,Autumn,6,1.8,0.052,0,Medium,629,189.0,1.0,2022-09
2022-09-02,S005,Cheese Crackers,Toys,West,422,315,80,228.74,39.23,35,Cloudy,0,42.42,Winter,11,3.9,0.114,0,Medium,908,229.57142857142858,235.0,2022-09
2022-09-02,S003,Cheese Crackers,Groceries,West,254,194,71,53.66,238.63,29,Rainy,0,262.61,Spring,2,4.9,0.111,0,Large,196,234.14285714285714,315.0,2022-09
2022-09-03,S003,Cheese Crackers,Groceries,East,249,200,132,119.19,66.12,31,Sunny,1,69.47,Spring,10,4.9,0.16,0,Small,200,211.71428571428572,194.0,2022-09
2022-09-05,S002,Cheese Crackers,Clothing,South,136,79,48,168.61,59.36,31,Snowy,1,51.49,Spring,1,3.0,0.174,0,Small,725,187.28571428571428,200.0,2022-09
2022-09-05,S001,Cheese Crackers,Clothing,East,335,112,127,124.06,422.89,37,Cloudy,1,349.58,Spring,8,1.7,0.029,0,Medium,91,162.28571428571428,79.0,2022-09
2022-10-05,S003,Cheese Crackers,Toys,South,101,90,52,142.54,122.73,18,Rainy,1,107.75,Summer,12,1.6,0.169,0,Large,305,175.0,112.0,2022-10
2022-11-01,S004,Cheese Crackers,Clothing,North,178,133,85,99.33,43.58,40,Rainy,1,49.1,Spring,4,4.4,0.146,0,Large,956,160.42857142857142,90.0,2022-11
2022-11-02,S004,Cheese Crackers,Electronics,West,341,192,145,179.92,247.3,7,Cloudy,0,252.53,Autumn,1,2.3,0.193,0,Small,221,142.85714285714286,133.0,2022-11
2022-11-04,S004,Cheese Crackers,Groceries,West,248,83,65,255.67,353.0,50,Snowy,1,367.79,Winter,14,3.5,0.098,0,Medium,439,127.0,192.0,2022-11
2022-12-02,S004,Cheese Crackers,Clothing,North,414,298,39,290.2,421.17,24,Snowy,0,364.32,Summer,7,3.5,0.171,0,Small,550,141.0,83.0,2022-12
2022-12-04,S005,Cheese Crackers,Groceries,North,377,244,79,172.77,255.01,36,Cloudy,1,241.94,Winter,14,3.0,0.152,0,Large,187,164.57142857142858,298.0,2022-12
2022-02-02,S005,Choco Lava Cake,Electronics,West,456,92,46,234.17,184.81,31,Snowy,0,199.39,Winter,1,1.1,0.18,0,Medium,353,92.0,0.0,2022-02
2022-04-05,S001,Choco Lava Cake,Clothing,South,91,35,16,121.6,444.14,43,Rainy,0,446.52,Summer,7,4.0,0.021,0,Large,917,63.5,92.0,2022-04
2022-04-05,S004,Choco Lava Cake,Clothing,South,67,55,67,241.06,282.82,49,Snowy,0,318.67,Autumn,12,4.5,0.048,0,Medium,421,60.666666666666664,35.0,2022-04
2022-05-02,S001,Choco Lava Cake,Electronics,East,481,421,21,286.19,235.35,45,Cloudy,1,229.78,Autumn,10,1.8,0.096,0,Large,454,150.75,55.0,2022-05
2022-05-03,S003,Choco Lava Cake,Clothing,South,372,303,128,103.71,190.06,33,Sunny,0,172.64,Winter,12,3.2,0.118,0,Medium,221,181.2,421.0,2022-05
2022-05-05,S001,Choco Lava Cake,Electronics,East,461,317,67,195.36,388.39,44,Rainy,1,327.31,Winter,6,3.3,0.107,0,Large,736,203.83333333333334,303.0,2022-05
2022-05-06,S002,Choco Lava Cake,Groceries,South,260,211,129,273.04,193.89,3,Snowy,1,197.94,Winter,11,1.8,0.166,0,Small,62,204.85714285714286,317.0,2022-05
2022-08-06,S004,Choco Lava Cake,Groceries,North,422,405,91,199.77,472.95,28,Sunny,0,505.68,Summer,8,1.1,0.02,0,Medium,987,249.57142857142858,211.0,2022-08
2022-08-06,S004,Choco Lava Cake,Groceries,East,74,50,111,65.57,419.33,18,Snowy,0,365.31,Autumn,5,3.0,0.007,0,Medium,885,251.71428571428572,405.0,2022-08
2022-09-06,S002,Choco Lava Cake,Toys,East,201,75,135,200.84,451.73,11,Snowy,0,412.52,Autumn,14,1.4,0.155,0,Large,237,254.57142857142858,50.0,2022-09
2022-10-05,S003,Choco Lava Cake,Clothing,West,396,355,166,161.04,109.48,15,Snowy,1,115.05,Summer,10,4.6,0.078,0,Large,390,245.14285714285714,75.0,2022-10
2022-10-06,S005,Choco Lava Cake,Groceries,South,159,72,106,69.7,80.75,23,Rainy,0,64.82,Winter,14,3.5,0.019,0,Medium,147,212.14285714285714,355.0,2022-10
2022-11-01,S001,Choco Lava Cake,Clothing,East,324,178,74,217.57,493.03,46,Sunny,0,490.58,Winter,12,2.9,0.011,0,Small,292,192.28571428571428,72.0,2022-11
2022-11-04,S005,Choco Lava Cake,Electronics,North,157,53,83,186.96,304.71,37,Rainy,1,261.02,Spring,12,2.8,0.115,0,Small,696,169.71428571428572,178.0,2022-11
2022-12-05,S005,Choco Lava Cake,Electronics,North,353,62,40,138.36,483.2,19,Snowy,0,450.25,Winter,6,3.2,0.141,0,Small,112,120.71428571428571,53.0,2022-12
2022-12-06,S001,Choco Lava Cake,Electronics,West,401,100,107,196.09,61.86,19,Rainy,0,65.62,Summer,2,4.4,0.054,0,Large,249,127.85714285714286,62.0,2022-12
2022-12-06,S001,Choco Lava Cake,Electronics,West,405,29,53,67.78,328.57,0,Rainy,1,344.76,Summer,10,3.4,0.136,0,Small,588,121.28571428571429,100.0,2022-12
2022-01-01,S004,Chocolate Donut,Groceries,North,140,135,32,117.99,32.86,1,Snowy,0,35.82,Autumn,11,5.0,0.072,0,Large,728,135.0,0.0,2022-01
2022-01-06,S004,Chocolate Donut,Toys,South,141,12,54,179.89,119.36,25,Snowy,1,104.06,Summer,11,1.5,0.082,0,Small,911,73.5,135.0,2022-01
2022-01-06,S002,Chocolate Donut,Clothing,South,328,66,54,131.55,370.36,17,Cloudy,0,413.76,Spring,11,4.4,0.142,0,Large,91,71.0,12.0,2022-01
2022-02-02,S002,Chocolate Donut,Clothing,West,68,14,128,107.72,144.01,2,Snowy,0,144.68,Summer,14,3.9,0.105,0,Small,350,56.75,66.0,2022-02
2022-02-04,S003,Chocolate Donut,Toys,West,302,256,93,123.56,298.33,9,Rainy,0,357.02,Summer,11,3.4,0.097,0,Large,91,96.6,14.0,2022-02
2022-03-04,S001,Chocolate Donut,Groceries,East,228,189,56,259.66,321.87,1,Sunny,1,311.71,Spring,7,2.0,0.061,0,Small,942,112.0,256.0,2022-03
2022-03-04,S003,Chocolate Donut,Groceries,West,337,148,111,257.49,352.52,35,Sunny,0,310.58,Summer,7,1.6,0.04,0,Small,130,117.14285714285714,189.0,2022-03
2022-03-05,S001,Chocolate Donut,Groceries,West,65,6,109,181.91,190.8,11,Snowy,0,214.97,Summer,13,3.0,0.036,0,Small,381,98.71428571428571,148.0,2022-03
2022-04-02,S003,Chocolate Donut,Electronics,East,403,321,99,63.71,404.35,41,Rainy,1,395.49,Autumn,14,2.7,0.13,0,Small,753,142.85714285714286,6.0,2022-04
2022-04-02,S005,Chocolate Donut,Toys,East,183,98,192,54.46,266.74,50,Cloudy,1,267.45,Spring,1,2.0,0.039,0,Small,885,147.42857142857142,321.0,2022-04
2022-04-04,S002,Chocolate Donut,Clothing,West,247,160,12,261.51,217.54,21,Cloudy,0,206.9,Spring,1,2.0,0.139,0,Large,518,168.28571428571428,98.0,2022-04
2022-05-04,S004,Chocolate Donut,Clothing,South,58,28,193,208.84,209.89,5,Rainy,1,251.32,Autumn,13,1.2,0.128,0,Large,836,135.71428571428572,160.0,2022-05
2022-06-06,S005,Chocolate Donut,Electronics,South,70,40,136,61.03,161.47,7,Snowy,0,165.44,Winter,1,3.2,0.109,0,Large,700,114.42857142857143,28.0,2022-06
2022-07-03,S003,Chocolate Donut,Clothing,South,206,35,33,105.02,175.65,24,Cloudy,1,184.38,Summer,5,1.4,0.032,0,Small,807,98.28571428571429,40.0,2022-07
2022-07-04,S001,Chocolate Donut,Toys,South,183,28,60,291.6,389.31,26,Rainy,1,368.7,Summer,10,2.9,0.031,0,Small,739,101.42857142857143,35.0,2022-07
2022-07-05,S002,Chocolate Donut,Clothing,East,394,394,92,126.97,375.11,6,Snowy,0,392.64,Summer,10,1.1,0.192,0,Large,862,111.85714285714286,28.0,2022-07
2022-08-05,S004,Chocolate Donut,Electronics,North,213,187,156,178.41,381.53,18,Sunny,1,383.55,Summer,6,1.2,0.161,0,Medium,971,124.57142857142857,394.0,2022-08
2022-09-05,S002,Chocolate Donut,Electronics,East,90,19,132,192.43,138.84,43,Snowy,0,120.67,Autumn,12,2.1,0.067,0,Small,197,104.42857142857143,187.0,2022-09
2022-12-05,S004,Chocolate Donut,Electronics,South,311,251,64,157.27,367.64,31,Rainy,0,324.62,Autumn,5,2.9,0.114,0,Small,875,136.28571428571428,19.0,2022-12
2022-12-06,S005,Chocolate Donut,Clothing,East,113,33,17,59.54,282.68,13,Cloudy,0,298.93,Autumn,5,2.9,0.103,0,Large,99,135.28571428571428,251.0,2022-12
2022-01-05,S003,Chocolate IceCream,Groceries,West,245,54,162,270.72,28.86,27,Cloudy,0,30.03,Winter,1,2.2,0.061,0,Large,352,54.0,0.0,2022-01
2022-02-02,S004,Chocolate IceCream,Clothing,East,264,40,149,257.35,51.96,4,Rainy,0,49.11,Winter,12,1.3,0.124,0,Medium,499,47.0,54.0,2022-02
2022-02-02,S004,Chocolate IceCream,Clothing,West,370,261,57,150.11,62.47,35,Snowy,0,54.84,Autumn,9,4.2,0.048,0,Medium,996,118.33333333333333,40.0,2022-02
2022-03-03,S003,Chocolate IceCream,Toys,South,360,269,151,181.9,93.02,3,Cloudy,1,92.93,Summer,12,4.1,0.188,0,Medium,911,156.0,261.0,2022-03
2022-03-04,S005,Chocolate IceCream,Electronics,South,318,22,124,293.94,382.63,11,Cloudy,0,431.92,Summer,2,3.6,0.082,0,Large,437,129.2,269.0,2022-03
2022-03-06,S001,Chocolate IceCream,Clothing,East,193,142,112,165.03,299.15,9,Sunny,1,349.47,Spring,3,1.9,0.199,0,Medium,1000,131.33333333333334,22.0,2022-03
2022-05-02,S005,Chocolate IceCream,Toys,East,411,30,16,221.81,239.14,4,Rainy,1,200.74,Autumn,13,1.5,0.056,0,Large,112,116.85714285714286,142.0,2022-05
2022-05-03,S001,Chocolate IceCream,Groceries,North,435,300,30,233.47,218.81,24,Sunny,1,207.09,Spring,10,3.8,0.126,0,Large,183,152.0,30.0,2022-05
2022-05-06,S002,Chocolate IceCream,Groceries,West,241,93,11,110.4,442.7,44,Sunny,0,524.17,Spring,1,4.6,0.095,0,Small,683,159.57142857142858,300.0,2022-05
2022-06-05,S005,Chocolate IceCream,Toys,South,136,29,106,94.8,231.84,49,Cloudy,0,232.07,Spring,13,4.9,0.172,0,Large,377,126.42857142857143,93.0,2022-06
2022-07-02,S002,Chocolate IceCream,Electronics,South,430,169,33,204.01,128.85,6,Snowy,0,119.64,Winter,2,2.7,0.132,0,Medium,725,112.14285714285714,29.0,2022-07
2022-07-03,S005,Chocolate IceCream,Groceries,East,90,29,34,263.16,432.84,25,Snowy,0,497.19,Spring,2,2.5,0.13,0,Small,246,113.14285714285714,169.0,2022-07
2022-07-05,S003,Chocolate IceCream,Toys,West,354,343,190,222.61,243.08,12,Cloudy,0,249.37,Summer,3,1.9,0.029,0,Medium,988,141.85714285714286,29.0,2022-07
2022-08-05,S005,Chocolate IceCream,Groceries,North,409,353,4,145.79,239.88,48,Sunny,0,277.49,Spring,4,3.0,0.12,0,Small,468,188.0,343.0,2022-08
2022-09-02,S004,Chocolate IceCream,Clothing,South,345,164,44,122.63,366.17,47,Cloudy,1,427.03,Winter,4,4.0,0.009,0,Small,761,168.57142857142858,353.0,2022-09
2022-09-02,S005,Chocolate IceCream,Clothing,East,246,114,0,170.23,153.04,3,Sunny,1,182.14,Summer,1,1.9,0.163,0,Small,111,171.57142857142858,164.0,2022-09
2022-09-06,S003,Chocolate IceCream,Toys,South,448,394,92,154.64,168.88,31,Snowy,1,147.39,Autumn,2,2.7,0.025,0,Large,182,223.71428571428572,114.0,2022-09
2022-10-03,S004,Chocolate IceCream,Electronics,East,283,164,62,90.12,372.69,22,Snowy,0,409.04,Spring,14,2.9,0.171,0,Medium,900,223.0,394.0,2022-10
2022-10-04,S002,Chocolate IceCream,Toys,North,243,169,145,278.35,236.21,33,Cloudy,1,244.54,Winter,4,2.3,0.158,0,Large,920,243.0,164.0,2022-10
2022-11-01,S001,Chocolate IceCream,Toys,South,339,302,6,235.63,134.16,38,Snowy,0,121.94,Spring,3,3.6,0.174,0,Small,800,237.14285714285714,169.0,2022-11
2022-11-02,S003,Chocolate IceCream,Groceries,South,55,43,80,233.1,143.91,35,Cloudy,1,134.29,Winter,8,4.9,0.086,0,Medium,734,192.85714285714286,302.0,2022-11
2022-11-04,S005,Chocolate IceCream,Toys,North,117,66,99,296.89,243.05,16,Cloudy,1,235.49,Autumn,6,4.8,0.196,0,Small,722,178.85714285714286,43.0,2022-11
2022-01-03,S005,Coffee Crunch Bar,Toys,West,360,343,188,219.02,73.68,11,Snowy,0,72.06,Autumn,7,2.0,0.19,0,Small,154,343.0,0.0,2022-01
2022-03-06,S004,Coffee Crunch Bar,Electronics,East,87,44,12,101.37,14.91,20,Sunny,0,12.92,Spring,11,4.4,0.017,0,Small,442,193.5,343.0,2022-03
2022-05-06,S005,Coffee Crunch Bar,Groceries,South,327,101,17,106.78,117.25,21,Sunny,1,138.08,Summer,13,2.3,0.045,0,Large,602,162.66666666666666,44.0,2022-05
2022-07-03,S001,Coffee Crunch Bar,Clothing,West,243,1,11,184.44,227.72,41,Cloudy,1,195.97,Spring,6,1.7,0.056,0,Small,608,122.25,101.0,2022-07
2022-07-05,S002,Coffee Crunch Bar,Clothing,West,226,20,139,242.04,44.74,22,Cloudy,0,51.39,Summer,13,4.1,0.158,0,Small,167,101.8,1.0,2022-07
2022-07-06,S003,Coffee Crunch Bar,Electronics,East,104,19,82,259.7,477.38,44,Snowy,1,519.44,Winter,5,3.3,0.006,0,Large,856,88.0,20.0,2022-07
2022-08-02,S002,Coffee Crunch Bar,Electronics,East,373,68,178,253.35,109.07,32,Sunny,1,106.89,Summer,11,2.9,0.066,0,Medium,76,85.14285714285714,19.0,2022-08
2022-09-03,S005,Coffee Crunch Bar,Electronics,East,471,453,182,283.11,119.59,34,Rainy,1,120.26,Spring,11,5.0,0.042,0,Medium,59,100.85714285714286,68.0,2022-09
2022-09-05,S001,Coffee Crunch Bar,Toys,North,479,62,73,169.71,341.88,18,Cloudy,1,380.24,Autumn,8,2.3,0.021,0,Small,629,103.42857142857143,453.0,2022-09
2022-10-04,S005,Coffee Crunch Bar,Toys,South,337,215,155,294.6,24.41,3,Cloudy,0,24.45,Autumn,6,1.3,0.063,0,Small,655,119.71428571428571,62.0,2022-10
2022-12-01,S004,Coffee Crunch Bar,Toys,South,437,425,109,269.12,343.57,6,Snowy,1,334.15,Winter,3,1.8,0.143,0,Large,194,180.28571428571428,215.0,2022-12
2022-12-02,S005,Coffee Crunch Bar,Clothing,South,379,36,27,230.32,144.36,48,Sunny,0,145.96,Spring,4,4.0,0.14,0,Medium,500,182.57142857142858,425.0,2022-12
2022-12-05,S005,Coffee Crunch Bar,Electronics,North,473,350,123,102.99,315.72,18,Rainy,0,315.89,Autumn,11,2.5,0.194,0,Medium,857,229.85714285714286,36.0,2022-12
2022-12-06,S003,Coffee Crunch Bar,Clothing,North,372,348,167,94.25,302.8,14,Rainy,1,312.58,Winter,1,1.6,0.086,0,Small,964,269.85714285714283,350.0,2022-12
2022-12-06,S002,Coffee Crunch Bar,Clothing,East,65,40,27,119.75,193.69,23,Sunny,1,192.78,Autumn,3,4.4,0.097,0,Large,933,210.85714285714286,348.0,2022-12
2022-12-06,S002,Coffee Crunch Bar,Electronics,East,483,38,176,275.6,97.85,48,Sunny,0,97.11,Winter,6,1.1,0.006,0,Large,599,207.42857142857142,40.0,2022-12
2022-01-06,S002,Dairy Milk Chocolate,Electronics,South,171,73,142,82.45,363.64,24,Rainy,1,411.28,Autumn,6,2.0,0.087,0,Medium,506,73.0,0.0,2022-01
2022-02-02,S004,Dairy Milk Chocolate,Toys,South,340,158,88,221.85,227.94,19,Rainy,1,209.9,Spring,2,4.5,0.174,0,Large,335,115.5,73.0,2022-02
2022-03-03,S001,Dairy Milk Chocolate,Toys,West,306,31,133,86.6,130.38,47,Rainy,1,108.21,Summer,2,4.7,0.068,0,Medium,75,87.33333333333333,158.0,2022-03
2022-04-03,S001,Dairy Milk Chocolate,Electronics,South,463,307,48,288.2,391.18,3,Cloudy,1,427.03,Autumn,3,2.8,0.128,0,Medium,836,142.25,31.0,2022-04
2022-04-03,S005,Dairy Milk Chocolate,Electronics,West,190,66,41,74.98,477.57,22,Sunny,1,469.7,Autumn,8,4.1,0.005,0,Small,931,127.0,307.0,2022-04
2022-04-03,S003,Dairy Milk Chocolate,Groceries,South,333,107,173,187.42,449.62,33,Rainy,0,390.48,Summer,3,3.2,0.162,0,Small,108,123.66666666666667,66.0,2022-04
2022-05-01,S004,Dairy Milk Chocolate,Electronics,East,146,11,70,273.88,260.54,5,Sunny,1,290.49,Spring,11,2.0,0.026,0,Large,772,107.57142857142857,107.0,2022-05
2022-05-06,S002,Dairy Milk Chocolate,Toys,East,476,274,15,228.5,278.82,15,Sunny,1,315.85,Spring,11,3.8,0.121,0,Large,971,136.28571428571428,11.0,2022-05
2022-07-05,S005,Dairy Milk Chocolate,Groceries,North,385,202,149,180.84,498.35,18,Snowy,1,529.49,Winter,8,3.5,0.179,0,Medium,604,142.57142857142858,274.0,2022-07
2022-10-01,S002,Dairy Milk Chocolate,Clothing,North,463,139,86,270.34,205.43,38,Rainy,0,168.52,Autumn,13,4.0,0.154,0,Medium,917,158.0,202.0,2022-10
2022-10-01,S004,Dairy Milk Chocolate,Toys,East,177,132,44,286.69,47.56,14,Snowy,0,53.17,Autumn,3,1.4,0.188,0,Large,248,133.0,139.0,2022-10
2022-11-04,S001,Dairy Milk Chocolate,Toys,West,81,36,114,145.96,350.25,38,Rainy,0,324.97,Autumn,3,3.2,0.023,0,Small,911,128.71428571428572,132.0,2022-11
2022-12-02,S003,Dairy Milk Chocolate,Groceries,South,125,114,188,146.79,86.94,37,Cloudy,0,85.74,Spring,5,3.6,0.077,0,Medium,575,129.71428571428572,36.0,2022-12
2022-12-06,S003,Dairy Milk Chocolate,Groceries,West,256,244,32,240.45,332.34,50,Sunny,0,303.63,Winter,11,2.1,0.013,0,Medium,319,163.0,114.0,2022-12
2022-01-03,S005,Dark Fantasy Cookie,Toys,West,119,68,109,96.63,182.76,49,Rainy,0,211.89,Spring,9,4.5,0.085,0,Medium,441,68.0,0.0,2022-01
2022-01-03,S004,Dark Fantasy Cookie,Clothing,North,493,9,109,55.53,331.18,35,Snowy,1,353.18,Summer,13,4.3,0.141,0,Small,975,38.5,68.0,2022-01
2022-01-05,S002,Dark Fantasy Cookie,Groceries,South,412,152,114,82.8,392.23,0,Sunny,0,332.55,Summer,14,1.9,0.071,0,Large,897,76.33333333333333,9.0,2022-01
2022-02-04,S003,Dark Fantasy Cookie,Electronics,South,247,67,60,161.91,385.64,12,Sunny,0,452.59,Autumn,10,3.7,0.102,0,Medium,77,74.0,152.0,2022-02
2022-02-04,S001,Dark Fantasy Cookie,Clothing,South,255,67,40,262.95,364.38,16,Cloudy,0,348.13,Autumn,10,3.4,0.121,0,Medium,642,72.6,67.0,2022-02
2022-02-06,S005,Dark Fantasy Cookie,Toys,East,493,420,92,277.4,451.46,40,Sunny,1,526.78,Spring,12,4.9,0.084,0,Small,472,130.5,67.0,2022-02
2022-03-02,S002,Dark Fantasy Cookie,Clothing,South,455,145,162,267.66,175.38,32,Snowy,0,193.69,Winter,12,1.1,0.046,0,Small,455,132.57142857142858,420.0,2022-03
2022-03-05,S003,Dark Fantasy Cookie,Electronics,West,500,478,39,294.16,99.17,48,Snowy,0,105.34,Winter,10,2.6,0.144,0,Medium,652,191.14285714285714,145.0,2022-03
2022-04-01,S005,Dark Fantasy Cookie,Electronics,North,127,73,192,235.56,150.87,21,Rainy,1,123.18,Winter,11,2.4,0.159,0,Small,202,200.28571428571428,478.0,2022-04
2022-05-03,S002,Dark Fantasy Cookie,Electronics,North,175,45,110,255.82,281.04,1,Cloudy,1,244.47,Winter,9,1.4,0.104,0,Large,282,185.0,73.0,2022-05
2022-06-06,S002,Dark Fantasy Cookie,Toys,West,321,267,63,100.67,117.8,7,Rainy,1,130.93,Spring,11,2.5,0.05,0,Small,394,213.57142857142858,45.0,2022-06
2022-06-06,S002,Dark Fantasy Cookie,Groceries,South,415,238,8,142.62,210.46,47,Snowy,1,197.86,Spring,2,3.8,0.061,0,Medium,583,238.0,267.0,2022-06
2022-07-03,S005,Dark Fantasy Cookie,Clothing,East,284,179,13,163.02,11.67,9,Sunny,0,13.28,Autumn,14,3.3,0.005,0,Large,561,203.57142857142858,238.0,2022-07
2022-07-03,S002,Dark Fantasy Cookie,Electronics,West,178,52,119,69.66,353.3,16,Cloudy,0,299.34,Autumn,3,1.7,0.056,0,Large,774,190.28571428571428,179.0,2022-07
2022-08-04,S005,Dark Fantasy Cookie,Groceries,South,126,14,150,106.32,397.14,36,Snowy,0,348.69,Summer,3,4.1,0.011,0,Large,400,124.0,52.0,2022-08
2022-08-05,S002,Dark Fantasy Cookie,Clothing,East,335,140,187,218.74,458.36,11,Cloudy,0,406.07,Spring,2,4.1,0.069,0,Small,834,133.57142857142858,14.0,2022-08
2022-08-05,S004,Dark Fantasy Cookie,Toys,South,317,283,35,171.32,177.22,5,Rainy,0,173.94,Winter,8,4.7,0.162,0,Large,712,167.57142857142858,140.0,2022-08
2022-09-01,S002,Dark Fantasy Cookie,Electronics,West,184,170,5,194.73,208.76,31,Snowy,1,246.13,Summer,9,3.9,0.197,0,Small,754,153.71428571428572,283.0,2022-09
2022-09-03,S003,Dark Fantasy Cookie,Electronics,South,461,205,156,153.96,163.08,27,Snowy,1,153.79,Winter,4,2.6,0.059,0,Large,664,149.0,170.0,2022-09
2022-09-05,S001,Dark Fantasy Cookie,Clothing,North,242,65,60,180.15,361.51,5,Sunny,0,338.03,Autumn,2,4.7,0.162,0,Medium,665,132.71428571428572,205.0,2022-09
2022-09-05,S004,Dark Fantasy Cookie,Toys,North,288,234,154,199.42,384.38,5,Sunny,1,371.47,Winter,11,2.2,0.161,0,Small,50,158.71428571428572,65.0,2022-09
2022-10-01,S003,Dark Fantasy Cookie,Electronics,West,153,112,187,141.95,467.5,32,Sunny,1,374.68,Winter,8,2.9,0.144,0,Small,958,172.71428571428572,234.0,2022-10
2022-10-02,S003,Dark Fantasy Cookie,Groceries,East,178,120,64,134.55,145.12,17,Snowy,0,149.07,Autumn,1,1.4,0.109,0,Medium,391,169.85714285714286,112.0,2022-10
2022-10-02,S005,Dark Fantasy Cookie,Groceries,South,486,239,195,56.15,141.8,11,Rainy,1,150.89,Winter,8,4.1,0.122,0,Large,313,163.57142857142858,120.0,2022-10
2022-10-03,S004,Dark Fantasy Cookie,Clothing,West,287,163,34,100.09,469.02,42,Snowy,1,532.11,Spring,12,3.5,0.129,0,Small,170,162.57142857142858,239.0,2022-10
2022-11-03,S002,Dark Fantasy Cookie,Groceries,North,152,43,14,152.29,379.24,5,Snowy,0,369.76,Spring,14,4.5,0.118,0,Small,64,139.42857142857142,163.0,2022-11
2022-01-06,S004,Fruit Jelly Cup,Toys,North,466,308,131,170.15,187.37,42,Sunny,0,208.63,Summer,8,1.6,0.056,0,Medium,487,308.0,0.0,2022-01
2022-03-03,S005,Fruit Jelly Cup,Clothing,South,455,94,19,293.33,469.42,41,Cloudy,1,400.21,Autumn,2,1.8,0.198,0,Large,729,201.0,308.0,2022-03
2022-05-05,S004,Fruit Jelly Cup,Clothing,West,448,223,103,151.7,32.04,8,Rainy,1,30.11,Autumn,13,3.4,0.035,0,Small,750,208.33333333333334,94.0,2022-05
2022-05-06,S001,Fruit Jelly Cup,Toys,South,469,34,57,173.16,491.41,20,Sunny,0,451.42,Summer,5,2.7,0.156,0,Medium,83,164.75,223.0,2022-05
2022-06-03,S004,Fruit Jelly Cup,Groceries,East,292,275,112,235.06,78.11,11,Sunny,0,75.6,Summer,12,1.7,0.074,0,Medium,666,186.8,34.0,2022-06
2022-06-05,S001,Fruit Jelly Cup,Toys,East,109,72,193,75.88,208.44,21,Sunny,1,217.08,Winter,7,2.6,0.058,0,Medium,476,167.66666666666666,275.0,2022-06
2022-07-04,S002,Fruit Jelly Cup,Clothing,South,489,15,46,110.08,222.67,44,Sunny,0,229.39,Autumn,9,4.6,0.15,0,Large,880,145.85714285714286,72.0,2022-07
2022-08-01,S002,Fruit Jelly Cup,Clothing,North,324,194,161,69.27,378.79,33,Rainy,0,363.78,Spring,6,1.9,0.167,0,Medium,617,129.57142857142858,15.0,2022-08
2022-09-05,S002,Fruit Jelly Cup,Groceries,East,458,359,141,289.37,189.63,47,Sunny,1,164.27,Summer,5,2.5,0.091,0,Medium,451,167.42857142857142,194.0,2022-09
2022-09-06,S003,Fruit Jelly Cup,Clothing,East,84,78,25,101.04,331.67,22,Cloudy,0,317.61,Spring,13,4.9,0.183,0,Small,774,146.71428571428572,359.0,2022-09
2022-10-02,S005,Fruit Jelly Cup,Toys,East,436,411,17,149.05,446.37,22,Cloudy,0,389.9,Summer,4,3.0,0.193,0,Small,400,200.57142857142858,78.0,2022-10
2022-10-02,S005,Fruit Jelly Cup,Clothing,West,230,110,83,259.58,359.06,36,Snowy,1,384.1,Autumn,10,4.3,0.09,0,Medium,395,177.0,411.0,2022-10
2022-10-06,S003,Fruit Jelly Cup,Clothing,South,485,230,130,79.55,304.63,7,Snowy,1,261.79,Spring,12,3.7,0.04,0,Medium,214,199.57142857142858,110.0,2022-10
2022-11-02,S004,Fruit Jelly Cup,Toys,East,244,158,58,175.79,223.78,2,Snowy,1,189.56,Summer,14,3.7,0.01,0,Large,371,220.0,230.0,2022-11
2022-11-03,S005,Fruit Jelly Cup,Clothing,West,461,63,154,61.8,12.01,19,Snowy,1,13.95,Summer,11,3.8,0.042,0,Large,113,201.28571428571428,158.0,2022-11
2022-11-03,S005,Fruit Jelly Cup,Clothing,West,197,62,28,123.81,466.62,41,Snowy,0,418.25,Autumn,10,3.0,0.095,0,Small,219,158.85714285714286,63.0,2022-11
2022-12-01,S004,Fruit Jelly Cup,Toys,North,427,64,123,269.21,314.34,18,Cloudy,0,355.16,Spring,1,2.9,0.121,0,Medium,432,156.85714285714286,62.0,2022-12
2022-12-02,S002,Fruit Jelly Cup,Toys,West,471,199,108,179.53,485.2,45,Cloudy,1,439.73,Autumn,5,1.0,0.012,0,Small,505,126.57142857142857,64.0,2022-12
2022-12-06,S004,Fruit Jelly Cup,Toys,West,261,75,11,124.0,339.01,11,Sunny,0,350.56,Spring,6,4.1,0.185,0,Medium,642,121.57142857142857,199.0,2022-12
2022-01-04,S004,KitKat Bar,Clothing,East,349,150,47,254.25,402.05,14,Rainy,1,414.66,Winter,2,2.8,0.15,0,Medium,747,150.0,0.0,2022-01
2022-03-02,S004,KitKat Bar,Electronics,East,439,354,41,263.71,193.26,2,Sunny,0,190.97,Spring,2,2.9,0.176,0,Large,625,252.0,150.0,2022-03
2022-03-03,S002,KitKat Bar,Groceries,West,312,231,106,283.76,471.15,12,Snowy,1,555.07,Summer,9,1.7,0.102,0,Large,183,245.0,354.0,2022-03
2022-03-03,S001,KitKat Bar,Clothing,South,183,66,90,53.15,388.51,23,Cloudy,0,442.17,Spring,13,3.4,0.089,0,Large,808,200.25,231.0,2022-03
2022-03-04,S002,KitKat Bar,Electronics,South,259,203,131,171.15,362.76,4,Snowy,0,342.98,Winter,14,4.7,0.097,0,Medium,830,200.8,66.0,2022-03
2022-05-02,S001,KitKat Bar,Clothing,West,465,302,169,239.04,176.15,48,Snowy,0,204.66,Summer,7,2.0,0.054,0,Large,187,217.66666666666666,203.0,2022-05
2022-05-02,S004,KitKat Bar,Clothing,South,400,180,73,258.71,205.96,48,Sunny,1,233.97,Autumn,9,4.3,0.034,0,Large,79,212.28571428571428,302.0,2022-05
2022-05-05,S003,KitKat Bar,Toys,South,493,384,181,234.26,296.49,46,Sunny,1,237.62,Autumn,7,3.7,0.064,0,Medium,883,245.71428571428572,180.0,2022-05
2022-05-06,S002,KitKat Bar,Clothing,East,442,87,35,162.16,339.33,35,Snowy,1,271.79,Autumn,8,4.8,0.125,0,Small,295,207.57142857142858,384.0,2022-05
2022-06-01,S003,KitKat Bar,Clothing,South,205,136,12,156.14,287.58,20,Snowy,0,269.0,Summer,7,1.0,0.106,0,Medium,759,194.0,87.0,2022-06
2022-06-04,S001,KitKat Bar,Groceries,South,441,421,199,257.71,465.0,31,Rainy,1,409.07,Autumn,13,4.1,0.023,0,Medium,766,244.71428571428572,136.0,2022-06
2022-08-01,S003,KitKat Bar,Clothing,North,270,3,69,259.62,403.93,39,Rainy,1,473.44,Spring,5,4.0,0.087,0,Medium,55,216.14285714285714,421.0,2022-08
2022-08-05,S005,KitKat Bar,Electronics,East,125,96,127,79.09,109.05,17,Sunny,0,114.55,Spring,11,3.3,0.113,0,Small,759,186.71428571428572,3.0,2022-08
2022-09-04,S004,KitKat Bar,Toys,East,371,354,153,270.63,306.43,20,Snowy,0,319.31,Summer,8,2.8,0.095,0,Small,123,211.57142857142858,96.0,2022-09
2022-10-01,S001,KitKat Bar,Electronics,North,112,26,146,183.08,101.05,47,Sunny,1,84.24,Spring,11,3.8,0.046,0,Small,83,160.42857142857142,354.0,2022-10
2022-10-03,S003,KitKat Bar,Groceries,South,69,7,193,59.42,186.07,49,Rainy,1,161.12,Autumn,12,1.9,0.126,0,Medium,143,149.0,26.0,2022-10
2022-10-03,S002,KitKat Bar,Toys,South,475,377,46,242.33,168.2,30,Cloudy,0,161.69,Spring,2,2.7,0.013,0,Small,586,183.42857142857142,7.0,2022-10
2022-11-03,S003,KitKat Bar,Groceries,South,320,23,98,223.07,36.53,48,Snowy,0,30.88,Winter,10,3.0,0.166,0,Small,58,126.57142857142857,377.0,2022-11
2022-11-03,S003,KitKat Bar,Toys,North,481,56,185,172.2,270.65,2,Sunny,1,280.55,Winter,7,1.0,0.09,0,Medium,637,134.14285714285714,23.0,2022-11
2022-11-05,S001,KitKat Bar,Groceries,South,316,199,62,289.85,429.59,44,Snowy,1,424.82,Autumn,2,4.1,0.065,0,Large,163,148.85714285714286,56.0,2022-11
2022-12-02,S002,KitKat Bar,Clothing,East,205,90,143,249.71,281.71,1,Cloudy,1,310.82,Winter,8,1.7,0.136,0,Medium,323,111.14285714285714,199.0,2022-12
2022-12-05,S001,KitKat Bar,Groceries,West,234,43,58,237.2,287.97,50,Snowy,1,278.37,Summer,4,3.5,0.055,0,Small,299,113.57142857142857,90.0,2022-12
2022-01-05,S004,Lays Chips,Clothing,North,327,4,138,64.63,459.44,44,Rainy,1,495.43,Summer,1,4.2,0.064,0,Large,967,4.0,0.0,2022-01
2022-03-01,S002,Lays Chips,Clothing,East,117,31,130,65.48,215.98,27,Snowy,1,217.37,Summer,10,3.1,0.076,0,Small,353,17.5,4.0,2022-03
2022-03-01,S001,Lays Chips,Clothing,East,463,407,162,160.14,313.03,12,Snowy,0,281.63,Spring,4,1.4,0.107,0,Medium,170,147.33333333333334,31.0,2022-03
2022-04-02,S002,Lays Chips,Toys,West,233,135,159,180.83,12.94,11,Cloudy,1,12.31,Winter,6,3.0,0.071,0,Medium,446,144.25,407.0,2022-04
2022-05-05,S001,Lays Chips,Clothing,North,141,57,61,155.46,41.99,18,Rainy,1,43.63,Summer,9,4.8,0.131,0,Medium,415,126.8,135.0,2022-05
2022-05-06,S005,Lays Chips,Groceries,North,460,425,115,278.59,33.27,29,Sunny,0,27.87,Spring,10,2.5,0.001,0,Large,364,176.5,57.0,2022-05
2022-07-02,S003,Lays Chips,Toys,South,245,119,55,191.27,309.7,4,Snowy,1,270.49,Summer,8,1.2,0.143,0,Medium,970,168.28571428571428,425.0,2022-07
2022-07-04,S005,Lays Chips,Clothing,North,157,72,115,153.4,470.5,24,Sunny,1,563.69,Spring,4,1.1,0.087,0,Small,79,178.0,119.0,2022-07
2022-07-06,S005,Lays Chips,Electronics,South,395,371,47,254.46,307.7,14,Rainy,1,282.21,Winter,8,4.6,0.037,0,Medium,772,226.57142857142858,72.0,2022-07
2022-08-06,S002,Lays Chips,Groceries,East,236,173,79,190.43,202.96,6,Rainy,0,191.44,Autumn,11,3.3,0.159,0,Large,687,193.14285714285714,371.0,2022-08
2022-08-06,S005,Lays Chips,Toys,East,55,21,164,116.88,62.23,13,Cloudy,0,51.36,Summer,12,4.0,0.158,0,Small,830,176.85714285714286,173.0,2022-08
2022-11-03,S005,Lays Chips,Electronics,North,172,151,169,279.37,135.63,15,Rainy,1,134.49,Spring,2,2.9,0.179,0,Large,550,190.28571428571428,21.0,2022-11
2022-11-04,S004,Lays Chips,Electronics,North,210,198,179,283.3,400.02,2,Sunny,0,401.72,Autumn,11,1.8,0.033,0,Large,511,157.85714285714286,151.0,2022-11
2022-11-04,S005,Lays Chips,Toys,North,104,96,129,159.9,478.61,11,Snowy,1,521.15,Summer,13,2.9,0.136,0,Large,600,154.57142857142858,198.0,2022-11
2022-12-02,S001,Lays Chips,Toys,East,312,179,174,207.57,228.24,9,Snowy,0,239.79,Spring,11,4.0,0.186,0,Small,935,169.85714285714286,96.0,2022-12
2022-12-05,S001,Lays Chips,Clothing,East,438,137,179,243.35,116.77,40,Sunny,0,115.5,Spring,4,4.5,0.003,0,Large,959,136.42857142857142,179.0,2022-12
2022-01-03,S002,Mango Ice Cream,Groceries,West,440,380,21,94.55,126.62,0,Snowy,1,109.62,Autumn,14,4.3,0.04,0,Medium,813,380.0,0.0,2022-01
2022-01-04,S002,Mango Ice Cream,Clothing,North,188,131,52,218.84,268.69,35,Cloudy,1,216.17,Summer,9,1.0,0.159,0,Large,531,255.5,380.0,2022-01
2022-02-01,S004,Mango Ice Cream,Electronics,West,149,101,123,143.18,312.23,43,Sunny,1,361.88,Autumn,3,1.8,0.108,0,Large,563,204.0,131.0,2022-02
2022-02-02,S001,Mango Ice Cream,Clothing,South,358,97,40,146.88,239.66,31,Rainy,1,267.92,Winter,13,4.7,0.063,0,Medium,455,177.25,101.0,2022-02
2022-02-04,S001,Mango Ice Cream,Toys,South,195,169,50,136.59,108.2,3,Rainy,1,97.39,Summer,4,2.0,0.056,0,Small,940,175.6,97.0,2022-02
2022-03-02,S005,Mango Ice Cream,Electronics,North,191,89,65,213.43,199.71,14,Sunny,1,203.68,Summer,6,1.6,0.09,0,Small,726,161.16666666666666,169.0,2022-03
2022-03-04,S002,Mango Ice Cream,Groceries,East,149,110,83,91.04,138.8,0,Cloudy,1,114.72,Spring,6,2.5,0.098,0,Small,955,153.85714285714286,89.0,2022-03
2022-03-04,S001,Mango Ice Cream,Groceries,North,151,26,73,153.91,312.19,14,Cloudy,1,279.16,Spring,7,3.3,0.081,0,Large,852,103.28571428571429,110.0,2022-03
2022-04-03,S005,Mango Ice Cream,Groceries,West,287,55,74,183.51,203.44,39,Rainy,1,232.16,Autumn,4,3.0,0.051,0,Large,364,92.42857142857143,26.0,2022-04
2022-05-05,S001,Mango Ice Cream,Electronics,North,342,81,39,95.99,66.08,15,Rainy,1,58.76,Winter,10,4.7,0.145,0,Medium,57,89.57142857142857,55.0,2022-05
2022-07-06,S003,Mango Ice Cream,Clothing,North,321,147,195,213.07,213.03,50,Snowy,1,171.47,Autumn,5,4.1,0.006,0,Medium,638,96.71428571428571,81.0,2022-07
2022-08-01,S004,Mango Ice Cream,Groceries,East,59,28,0,259.39,21.42,27,Cloudy,0,24.27,Spring,10,4.9,0.132,0,Medium,153,76.57142857142857,147.0,2022-08
2022-08-01,S001,Mango Ice Cream,Electronics,West,428,353,160,218.07,499.64,34,Cloudy,1,580.0,Winter,13,4.3,0.161,0,Medium,302,114.28571428571429,28.0,2022-08
2022-08-03,S001,Mango Ice Cream,Electronics,North,312,174,91,159.61,146.98,7,Sunny,0,117.99,Summer,6,4.4,0.197,0,Large,515,123.42857142857143,353.0,2022-08
2022-08-06,S001,Mango Ice Cream,Groceries,South,382,242,98,225.38,382.42,5,Cloudy,1,408.86,Spring,5,1.4,0.186,0,Medium,580,154.28571428571428,174.0,2022-08
2022-09-03,S003,Mango Ice Cream,Electronics,North,385,275,109,267.61,434.61,29,Snowy,1,462.85,Spring,13,2.2,0.052,0,Medium,472,185.71428571428572,242.0,2022-09
2022-09-04,S003,Mango Ice Cream,Toys,East,403,47,60,189.92,28.39,1,Snowy,0,25.86,Winter,7,2.6,0.16,0,Small,631,180.85714285714286,275.0,2022-09
2022-09-06,S005,Mango Ice Cream,Toys,East,280,99,79,173.04,382.98,47,Rainy,1,342.46,Winter,13,4.0,0.047,0,Small,344,174.0,47.0,2022-09
2022-10-02,S005,Mango Ice Cream,Electronics,West,378,76,152,128.89,255.34,24,Snowy,1,303.6,Winter,7,1.8,0.05,0,Large,630,180.85714285714286,99.0,2022-10
2022-10-03,S003,Mango Ice Cream,Toys,North,87,1,49,211.17,24.84,45,Sunny,1,22.33,Summer,8,1.8,0.188,0,Small,686,130.57142857142858,76.0,2022-10
2022-11-02,S003,Mango Ice Cream,Clothing,West,251,190,6,133.55,482.02,27,Cloudy,1,556.68,Winter,12,2.8,0.152,0,Medium,74,132.85714285714286,1.0,2022-11
2022-11-03,S001,Mango Ice Cream,Clothing,North,399,336,195,171.79,213.62,39,Sunny,1,231.05,Summer,1,4.9,0.056,0,Medium,212,146.28571428571428,190.0,2022-11
2022-11-05,S003,Mango Ice Cream,Toys,South,326,50,20,139.41,479.53,16,Rainy,0,389.25,Spring,10,2.1,0.093,0,Large,408,114.14285714285714,336.0,2022-11
2022-01-02,S005,Mint Choco Stick,Groceries,South,266,120,136,90.03,274.61,7,Cloudy,0,314.51,Spring,9,1.8,0.162,0,Medium,854,120.0,0.0,2022-01
2022-01-03,S001,Mint Choco Stick,Toys,West,313,126,117,140.31,473.6,22,Rainy,0,531.5,Spring,4,3.2,0.005,0,Large,216,123.0,120.0,2022-01
2022-01-04,S003,Mint Choco Stick,Electronics,North,107,48,74,286.12,220.14,25,Cloudy,0,228.1,Spring,5,1.9,0.117,0,Medium,447,98.0,126.0,2022-01
2022-01-05,S005,Mint Choco Stick,Electronics,South,98,37,143,287.34,48.83,4,Sunny,1,55.34,Spring,3,4.9,0.182,0,Large,485,82.75,48.0,2022-01
2022-01-05,S001,Mint Choco Stick,Toys,North,224,222,41,211.49,163.6,34,Cloudy,0,165.7,Winter,4,4.8,0.055,0,Medium,702,110.6,37.0,2022-01
2022-02-03,S004,Mint Choco Stick,Clothing,North,264,204,13,245.61,107.74,21,Cloudy,0,86.27,Autumn,6,4.2,0.005,0,Small,177,126.16666666666667,222.0,2022-02
2022-02-05,S003,Mint Choco Stick,Toys,East,385,39,2,157.9,206.34,47,Cloudy,0,205.3,Summer,14,3.1,0.107,0,Small,252,113.71428571428571,204.0,2022-02
2022-03-03,S001,Mint Choco Stick,Electronics,West,487,31,145,298.91,332.59,38,Snowy,1,325.34,Autumn,7,3.3,0.073,0,Small,842,101.0,39.0,2022-03
2022-03-03,S003,Mint Choco Stick,Clothing,West,440,270,196,272.45,99.76,43,Sunny,0,119.25,Autumn,3,3.7,0.07,0,Medium,358,121.57142857142857,31.0,2022-03
2022-04-04,S003,Mint Choco Stick,Toys,East,415,160,48,107.73,38.65,0,Rainy,0,38.4,Winter,11,1.4,0.193,0,Medium,592,137.57142857142858,270.0,2022-04
2022-05-01,S005,Mint Choco Stick,Groceries,West,86,64,189,140.35,424.52,6,Rainy,1,414.73,Autumn,8,4.8,0.052,0,Large,68,141.42857142857142,160.0,2022-05
2022-05-02,S002,Mint Choco Stick,Clothing,South,72,12,96,96.83,428.31,15,Rainy,1,356.3,Autumn,4,4.5,0.113,0,Large,236,111.42857142857143,64.0,2022-05
2022-06-02,S002,Mint Choco Stick,Toys,North,82,78,115,145.13,82.41,14,Sunny,1,97.74,Summer,9,3.3,0.185,0,Large,201,93.42857142857143,12.0,2022-06
2022-07-03,S001,Mint Choco Stick,Groceries,East,264,127,23,68.73,21.84,33,Rainy,1,18.41,Summer,10,3.4,0.136,0,Small,877,106.0,78.0,2022-07
2022-07-03,S005,Mint Choco Stick,Electronics,East,118,43,195,87.55,351.89,46,Rainy,0,314.92,Autumn,11,2.0,0.013,0,Small,909,107.71428571428571,127.0,2022-07
2022-08-01,S001,Mint Choco Stick,Toys,West,314,270,165,177.49,261.8,48,Sunny,0,310.9,Winter,7,1.2,0.105,0,Medium,877,107.71428571428571,43.0,2022-08
2022-09-04,S004,Mint Choco Stick,Groceries,South,340,213,167,228.13,378.59,16,Snowy,1,390.54,Summer,7,4.2,0.0,0,Small,69,115.28571428571429,270.0,2022-09
2022-10-01,S003,Mint Choco Stick,Electronics,West,53,38,157,109.03,239.72,25,Snowy,1,208.8,Summer,12,1.2,0.16,0,Small,574,111.57142857142857,213.0,2022-10
2022-10-01,S001,Mint Choco Stick,Groceries,South,185,69,195,244.74,283.64,1,Sunny,1,295.72,Spring,4,1.5,0.116,0,Medium,124,119.71428571428571,38.0,2022-10
2022-11-01,S003,Mint Choco Stick,Toys,West,195,95,83,75.45,436.51,11,Snowy,1,476.04,Winter,14,1.1,0.188,0,Small,889,122.14285714285714,69.0,2022-11
2022-12-01,S004,Mint Choco Stick,Electronics,South,280,13,21,258.41,362.7,20,Sunny,0,362.54,Winter,12,2.5,0.141,0,Small,942,105.85714285714286,95.0,2022-12
2022-12-04,S001,Mint Choco Stick,Clothing,South,368,19,40,225.73,68.82,34,Sunny,0,62.09,Summer,2,2.3,0.099,0,Large,665,102.42857142857143,13.0,2022-12
2022-01-02,S003,Oreo Biscuit,Toys,West,337,300,15,160.54,138.63,48,Sunny,0,156.02,Autumn,13,1.1,0.161,0,Small,83,300.0,0.0,2022-01
2022-01-03,S005,Oreo Biscuit,Toys,East,233,51,30,234.43,443.55,0,Sunny,0,364.19,Spring,8,3.6,0.095,0,Small,615,175.5,300.0,2022-01
2022-02-02,S005,Oreo Biscuit,Toys,West,109,35,18,202.19,492.39,38,Rainy,0,547.55,Summer,6,4.9,0.158,0,Medium,766,128.66666666666666,51.0,2022-02
2022-02-03,S001,Oreo Biscuit,Electronics,South,385,130,76,286.75,247.79,31,Cloudy,0,204.17,Spring,4,5.0,0.018,0,Medium,429,129.0,35.0,2022-02
2022-02-05,S003,Oreo Biscuit,Clothing,West,213,68,42,139.38,264.87,2,Rainy,1,235.51,Winter,2,3.3,0.175,0,Small,208,116.8,130.0,2022-02
2022-03-05,S002,Oreo Biscuit,Clothing,West,410,40,133,88.59,46.18,37,Rainy,0,49.93,Summer,14,2.0,0.129,0,Medium,977,104.0,68.0,2022-03
2022-03-06,S001,Oreo Biscuit,Electronics,West,325,107,16,160.47,217.59,37,Rainy,0,217.67,Winter,4,2.7,0.183,0,Medium,151,104.42857142857143,40.0,2022-03
2022-04-05,S005,Oreo Biscuit,Electronics,West,355,309,69,246.15,472.26,35,Sunny,0,469.44,Summer,6,1.8,0.047,0,Small,759,105.71428571428571,107.0,2022-04
2022-05-02,S005,Oreo Biscuit,Electronics,West,112,57,12,91.54,95.43,13,Cloudy,1,106.91,Autumn,7,3.1,0.182,0,Large,760,106.57142857142857,309.0,2022-05
2022-06-01,S002,Oreo Biscuit,Toys,East,376,170,156,149.8,305.6,3,Sunny,1,304.83,Winter,10,1.7,0.17,0,Small,310,125.85714285714286,57.0,2022-06
2022-06-01,S001,Oreo Biscuit,Clothing,South,360,190,190,250.21,18.23,35,Cloudy,1,16.46,Autumn,6,3.0,0.068,0,Large,183,134.42857142857142,170.0,2022-06
2022-06-02,S002,Oreo Biscuit,Groceries,West,494,136,130,82.81,322.15,37,Snowy,1,335.6,Spring,6,3.8,0.113,0,Medium,456,144.14285714285714,190.0,2022-06
2022-06-05,S001,Oreo Biscuit,Groceries,West,316,248,153,242.35,259.4,10,Rainy,1,213.83,Spring,9,4.4,0.164,0,Medium,438,173.85714285714286,136.0,2022-06
2022-06-05,S003,Oreo Biscuit,Clothing,South,315,279,76,112.35,169.04,39,Snowy,1,182.4,Spring,9,2.6,0.048,0,Small,645,198.42857142857142,248.0,2022-06
2022-07-01,S005,Oreo Biscuit,Clothing,South,118,45,22,279.91,10.43,29,Cloudy,0,9.33,Winter,11,1.7,0.183,0,Medium,495,160.71428571428572,279.0,2022-07
2022-07-02,S002,Oreo Biscuit,Toys,West,352,150,56,164.57,115.71,50,Snowy,0,113.45,Summer,7,2.3,0.049,0,Medium,667,174.0,45.0,2022-07
2022-07-03,S005,Oreo Biscuit,Clothing,North,421,175,47,62.86,450.98,34,Rainy,1,517.94,Spring,13,2.5,0.013,0,Small,667,174.71428571428572,150.0,2022-07
2022-07-04,S001,Oreo Biscuit,Electronics,East,342,144,48,145.42,182.02,32,Sunny,0,173.46,Spring,8,4.9,0.017,0,Medium,641,168.14285714285714,175.0,2022-07
2022-07-05,S002,Oreo Biscuit,Groceries,North,251,93,167,181.37,358.64,50,Rainy,0,318.41,Winter,6,2.7,0.042,0,Small,591,162.0,144.0,2022-07
2022-08-05,S002,Oreo Biscuit,Clothing,North,456,60,16,254.68,402.25,20,Rainy,1,481.36,Spring,2,1.9,0.128,0,Medium,260,135.14285714285714,93.0,2022-08
2022-09-01,S001,Oreo Biscuit,Groceries,South,96,59,121,104.33,84.12,21,Cloudy,1,94.55,Spring,9,2.3,0.101,0,Large,123,103.71428571428571,60.0,2022-09
2022-09-01,S003,Oreo Biscuit,Groceries,East,321,195,29,233.11,237.77,38,Rainy,0,279.29,Spring,7,3.1,0.196,0,Medium,593,125.14285714285714,59.0,2022-09
2022-10-01,S002,Oreo Biscuit,Clothing,North,125,43,63,259.01,88.64,43,Sunny,0,104.56,Summer,8,2.4,0.036,0,Small,153,109.85714285714286,195.0,2022-10
2022-10-03,S004,Oreo Biscuit,Clothing,North,482,203,143,291.69,290.65,18,Sunny,1,295.12,Winter,14,1.5,0.082,0,Small,843,113.85714285714286,43.0,2022-10
2022-10-03,S003,Oreo Biscuit,Groceries,West,124,103,10,254.42,35.37,41,Snowy,1,32.62,Summer,14,4.5,0.017,0,Large,388,108.0,203.0,2022-10
2022-10-05,S003,Oreo Biscuit,Toys,South,344,53,25,148.16,224.55,24,Snowy,1,235.91,Winter,12,1.6,0.105,0,Small,874,102.28571428571429,103.0,2022-10
2022-11-01,S004,Oreo Biscuit,Groceries,West,196,176,163,124.0,402.04,34,Sunny,0,325.89,Autumn,5,2.0,0.121,0,Small,426,118.85714285714286,53.0,2022-11
2022-11-01,S001,Oreo Biscuit,Toys,West,179,126,175,81.14,353.62,39,Sunny,1,332.66,Summer,7,2.6,0.143,0,Small,95,128.42857142857142,176.0,2022-11
2022-11-02,S003,Oreo Biscuit,Groceries,South,465,18,5,278.44,151.54,47,Sunny,0,178.78,Autumn,6,4.0,0.153,0,Large,371,103.14285714285714,126.0,2022-11
2022-12-01,S001,Oreo Biscuit,Electronics,West,90,17,107,227.78,206.06,32,Rainy,0,210.56,Winter,8,4.0,0.146,0,Small,74,99.42857142857143,18.0,2022-12
2022-01-02,S005,Peanut Chikki Bar,Clothing,East,90,38,26,234.16,166.8,37,Sunny,1,181.38,Summer,13,1.8,0.101,0,Small,711,38.0,0.0,2022-01
2022-01-02,S005,Peanut Chikki Bar,Electronics,West,101,48,41,157.3,415.49,33,Rainy,1,434.18,Summer,12,1.1,0.118,0,Small,405,43.0,38.0,2022-01
2022-01-04,S004,Peanut Chikki Bar,Groceries,North,199,34,97,188.09,15.32,36,Cloudy,1,12.75,Autumn,2,4.0,0.168,0,Large,437,40.0,48.0,2022-01
2022-01-06,S001,Peanut Chikki Bar,Toys,West,81,37,88,207.29,89.1,24,Sunny,0,87.88,Summer,7,2.9,0.198,0,Large,78,39.25,34.0,2022-01
2022-03-04,S001,Peanut Chikki Bar,Electronics,East,223,87,111,205.35,320.13,36,Sunny,1,308.82,Spring,10,4.2,0.043,0,Medium,767,48.8,37.0,2022-03
2022-04-01,S003,Peanut Chikki Bar,Toys,East,470,259,185,287.61,37.85,32,Rainy,1,35.21,Autumn,13,4.8,0.063,0,Large,652,83.83333333333333,87.0,2022-04
2022-04-03,S003,Peanut Chikki Bar,Clothing,West,72,28,200,133.13,402.67,23,Rainy,0,460.34,Winter,10,3.4,0.046,0,Small,712,75.85714285714286,259.0,2022-04
2022-04-06,S001,Peanut Chikki Bar,Electronics,East,260,180,189,169.13,26.99,25,Rainy,1,23.52,Autumn,1,1.2,0.112,0,Small,656,96.14285714285714,28.0,2022-04
2022-05-01,S002,Peanut Chikki Bar,Toys,West,294,16,90,135.74,161.09,46,Sunny,1,138.4,Summer,11,3.4,0.163,0,Small,845,91.57142857142857,180.0,2022-05
2022-06-03,S003,Peanut Chikki Bar,Electronics,West,224,59,91,117.19,429.71,1,Sunny,0,381.62,Spring,9,4.4,0.188,0,Small,259,95.14285714285714,16.0,2022-06
2022-07-02,S002,Peanut Chikki Bar,Toys,West,453,452,183,96.77,283.16,45,Cloudy,1,276.83,Autumn,11,3.9,0.048,0,Small,945,154.42857142857142,59.0,2022-07
2022-08-04,S003,Peanut Chikki Bar,Toys,East,190,53,110,264.17,124.25,26,Rainy,0,99.75,Summer,3,4.8,0.068,0,Small,613,149.57142857142858,452.0,2022-08
2022-10-06,S003,Peanut Chikki Bar,Toys,West,264,200,42,226.51,421.44,24,Rainy,0,385.4,Winter,7,4.3,0.144,0,Large,622,141.14285714285714,53.0,2022-10
2022-01-04,S004,Pineapple Ice Cream,Toys,South,413,195,7,186.55,139.69,44,Sunny,1,164.47,Autumn,6,4.5,0.054,0,Medium,625,195.0,0.0,2022-01
2022-01-04,S004,Pineapple Ice Cream,Groceries,East,322,217,193,253.22,188.42,13,Sunny,0,210.89,Autumn,13,4.1,0.152,0,Medium,372,206.0,195.0,2022-01
2022-02-01,S003,Pineapple Ice Cream,Groceries,East,87,84,79,185.63,374.01,10,Rainy,0,429.86,Winter,11,1.5,0.161,0,Small,257,165.33333333333334,217.0,2022-02
2022-02-01,S004,Pineapple Ice Cream,Electronics,South,66,49,167,294.0,179.4,15,Cloudy,0,149.25,Spring,13,4.3,0.157,0,Medium,69,136.25,84.0,2022-02
2022-02-05,S001,Pineapple Ice Cream,Toys,South,214,190,99,262.29,486.97,26,Snowy,0,538.86,Summer,7,4.2,0.13,0,Large,328,147.0,49.0,2022-02
2022-03-03,S003,Pineapple Ice Cream,Clothing,East,454,53,81,94.88,171.53,16,Rainy,0,141.45,Spring,5,1.8,0.104,0,Small,862,131.33333333333334,190.0,2022-03
2022-05-01,S004,Pineapple Ice Cream,Toys,East,135,107,85,72.95,51.56,42,Rainy,1,43.1,Summer,9,3.2,0.194,0,Small,663,127.85714285714286,53.0,2022-05
2022-05-02,S002,Pineapple Ice Cream,Electronics,South,244,16,105,180.69,485.7,44,Rainy,0,461.28,Spring,10,1.3,0.027,0,Large,843,102.28571428571429,107.0,2022-05
2022-05-05,S004,Pineapple Ice Cream,Toys,North,100,54,20,294.82,330.91,22,Snowy,0,380.99,Summer,12,4.9,0.042,0,Small,594,79.0,16.0,2022-05
2022-06-02,S005,Pineapple Ice Cream,Clothing,East,276,68,73,150.17,77.58,44,Sunny,0,76.59,Winter,10,2.6,0.014,0,Small,776,76.71428571428571,54.0,2022-06
2022-07-02,S001,Pineapple Ice Cream,Electronics,West,135,115,96,63.27,468.1,0,Rainy,0,478.09,Spring,5,1.2,0.017,0,Medium,763,86.14285714285714,68.0,2022-07
2022-07-03,S002,Pineapple Ice Cream,Clothing,North,52,13,152,117.94,228.4,36,Sunny,0,273.9,Autumn,9,1.2,0.082,0,Medium,761,60.857142857142854,115.0,2022-07
2022-07-03,S002,Pineapple Ice Cream,Clothing,South,430,363,171,93.62,133.96,26,Rainy,1,155.34,Winter,7,4.9,0.049,0,Medium,459,105.14285714285714,13.0,2022-07
2022-09-03,S004,Pineapple Ice Cream,Groceries,West,172,27,199,115.82,90.44,5,Sunny,1,87.4,Autumn,3,2.8,0.113,0,Medium,991,93.71428571428571,363.0,2022-09
2022-09-05,S001,Pineapple Ice Cream,Clothing,West,377,299,88,79.98,27.66,49,Snowy,1,22.92,Autumn,5,3.8,0.106,0,Medium,800,134.14285714285714,27.0,2022-09
2022-09-06,S001,Pineapple Ice Cream,Electronics,North,473,314,139,275.36,335.82,41,Snowy,0,391.48,Spring,7,1.2,0.174,0,Large,631,171.28571428571428,299.0,2022-09
2022-11-02,S003,Pineapple Ice Cream,Groceries,North,211,37,42,264.15,97.55,16,Snowy,1,91.44,Winter,4,4.7,0.11,0,Large,888,166.85714285714286,314.0,2022-11
2022-11-05,S004,Pineapple Ice Cream,Groceries,South,68,18,167,291.72,78.49,43,Snowy,1,86.2,Autumn,5,4.3,0.048,0,Large,536,153.0,37.0,2022-11
2022-12-02,S003,Pineapple Ice Cream,Clothing,South,392,343,136,83.89,394.12,13,Cloudy,1,426.58,Winter,3,2.2,0.163,0,Medium,142,200.14285714285714,18.0,2022-12
2022-12-02,S001,Pineapple Ice Cream,Clothing,South,429,91,13,185.41,154.16,50,Sunny,1,152.79,Autumn,13,1.8,0.152,0,Large,904,161.28571428571428,343.0,2022-12
2022-01-02,S001,Strawberry Sundae,Groceries,East,312,202,97,86.21,370.35,27,Rainy,0,400.86,Summer,13,2.3,0.045,0,Medium,658,202.0,0.0,2022-01
2022-01-02,S004,Strawberry Sundae,Clothing,West,277,270,108,250.06,484.15,10,Cloudy,1,494.16,Spring,13,3.1,0.13,0,Large,324,236.0,202.0,2022-01
2022-02-06,S005,Strawberry Sundae,Clothing,West,177,157,164,132.8,194.97,29,Sunny,0,225.72,Autumn,8,3.2,0.113,0,Small,799,209.66666666666666,270.0,2022-02
2022-02-06,S001,Strawberry Sundae,Toys,North,99,53,139,78.17,409.96,48,Sunny,1,430.6,Summer,8,4.7,0.168,0,Medium,946,170.5,157.0,2022-02
2022-03-06,S004,Strawberry Sundae,Electronics,North,248,64,132,175.74,145.04,38,Snowy,0,117.98,Summer,9,1.6,0.192,0,Small,901,149.2,53.0,2022-03
2022-04-02,S003,Strawberry Sundae,Electronics,East,125,31,196,244.98,21.94,22,Rainy,1,22.59,Spring,11,4.4,0.195,0,Small,416,129.5,64.0,2022-04
2022-04-03,S002,Strawberry Sundae,Electronics,South,336,77,103,132.31,401.71,37,Cloudy,1,399.05,Winter,11,4.7,0.061,0,Small,200,122.0,31.0,2022-04
2022-04-03,S004,Strawberry Sundae,Toys,North,275,218,105,248.32,234.34,5,Snowy,1,260.88,Spring,4,4.9,0.105,0,Small,746,124.28571428571429,77.0,2022-04
2022-04-04,S003,Strawberry Sundae,Electronics,South,110,10,65,191.48,129.36,36,Sunny,1,112.27,Winter,3,1.9,0.188,0,Small,188,87.14285714285714,218.0,2022-04
2022-05-05,S003,Strawberry Sundae,Groceries,East,149,64,152,180.28,246.6,19,Snowy,0,247.15,Autumn,14,2.5,0.069,0,Large,961,73.85714285714286,10.0,2022-05
2022-06-05,S005,Strawberry Sundae,Groceries,West,302,268,120,76.37,292.57,8,Cloudy,1,347.85,Autumn,2,2.1,0.132,0,Small,204,104.57142857142857,64.0,2022-06
2022-08-01,S003,Strawberry Sundae,Clothing,South,404,203,33,87.9,480.0,6,Sunny,0,438.18,Autumn,4,1.5,0.074,0,Small,422,124.42857142857143,268.0,2022-08
2022-09-02,S002,Strawberry Sundae,Electronics,West,82,64,1,275.02,404.41,2,Rainy,1,429.88,Winter,7,3.5,0.102,0,Large,826,129.14285714285714,203.0,2022-09
2022-11-05,S001,Strawberry Sundae,Groceries,North,147,84,72,100.91,424.84,8,Rainy,0,496.27,Spring,9,1.0,0.157,0,Small,371,130.14285714285714,64.0,2022-11
2022-12-05,S001,Strawberry Sundae,Toys,South,268,185,188,155.48,135.62,16,Cloudy,0,134.43,Spring,12,1.9,0.146,0,Medium,577,125.42857142857143,84.0,2022-12
2022-03-02,S003,Vanilla Cone,Toys,West,211,179,26,60.44,50.04,6,Sunny,1,46.0,Autumn,11,3.8,0.151,0,Small,577,179.0,0.0,2022-03
2022-03-03,S004,Vanilla Cone,Toys,West,419,254,156,150.69,463.52,46,Cloudy,0,430.31,Autumn,11,1.2,0.063,0,Large,674,216.5,179.0,2022-03
2022-04-01,S002,Vanilla Cone,Electronics,East,191,135,41,174.1,59.01,12,Snowy,0,61.59,Winter,10,2.5,0.033,0,Medium,596,189.33333333333334,254.0,2022-04
2022-04-05,S001,Vanilla Cone,Electronics,North,287,259,186,162.5,38.79,13,Sunny,0,43.38,Summer,10,1.1,0.012,0,Large,68,206.75,135.0,2022-04
2022-05-01,S001,Vanilla Cone,Clothing,East,464,20,21,227.23,165.76,3,Snowy,1,181.0,Autumn,11,3.3,0.053,0,Medium,805,169.4,259.0,2022-05
2022-05-05,S004,Vanilla Cone,Clothing,West,369,289,151,266.52,121.1,16,Sunny,0,113.31,Summer,13,1.5,0.106,0,Small,346,189.33333333333334,20.0,2022-05
2022-05-05,S002,Vanilla Cone,Clothing,South,347,257,19,112.9,76.21,19,Snowy,0,80.71,Winter,8,2.5,0.111,0,Medium,789,199.0,289.0,2022-05
2022-06-01,S005,Vanilla Cone,Groceries,East,449,174,132,266.39,474.47,29,Sunny,0,542.95,Summer,8,2.2,0.016,0,Large,684,198.28571428571428,257.0,2022-06
2022-06-04,S003,Vanilla Cone,Electronics,North,160,17,152,237.08,306.91,28,Snowy,0,266.0,Spring,7,1.4,0.185,0,Medium,343,164.42857142857142,174.0,2022-06
2022-07-05,S001,Vanilla Cone,Toys,South,255,28,176,197.0,106.0,36,Rainy,0,102.64,Spring,5,4.7,0.086,0,Small,54,149.14285714285714,17.0,2022-07
2022-08-02,S002,Vanilla Cone,Groceries,East,87,51,154,249.05,480.68,32,Snowy,1,437.82,Spring,12,3.0,0.161,0,Large,663,119.42857142857143,28.0,2022-08
2022-08-03,S004,Vanilla Cone,Toys,North,268,209,127,292.02,459.18,1,Rainy,1,496.67,Winter,4,3.2,0.048,0,Large,60,146.42857142857142,51.0,2022-08
2022-10-02,S005,Vanilla Cone,Clothing,South,278,233,36,54.65,112.78,44,Cloudy,1,131.5,Autumn,2,3.9,0.072,0,Medium,211,138.42857142857142,209.0,2022-10
2022-10-04,S001,Vanilla Cone,Electronics,South,294,104,127,284.14,366.42,19,Sunny,1,342.68,Winter,1,1.3,0.155,0,Small,812,116.57142857142857,233.0,2022-10
2022-10-06,S001,Vanilla Cone,Toys,South,192,128,178,51.65,487.66,33,Sunny,1,452.15,Autumn,11,4.5,0.034,0,Large,500,110.0,104.0,2022-10
2022-11-01,S001,Vanilla Cone,Toys,South,310,25,134,252.49,463.3,23,Sunny,1,408.59,Summer,2,4.0,0.049,0,Small,695,111.14285714285714,128.0,2022-11
2022-11-01,S003,Vanilla Cone,Toys,North,303,76,84,250.83,170.37,48,Rainy,1,156.86,Winter,9,2.2,0.056,0,Medium,156,118.0,25.0,2022-11
2022-11-04,S001,Vanilla Cone,Toys,North,321,294,15,292.57,54.22,49,Snowy,1,60.78,Autumn,10,2.7,0.192,0,Medium,574,152.71428571428572,76.0,2022-11
2022-11-04,S004,Vanilla Cone,Clothing,West,216,2,77,244.54,447.25,38,Cloudy,1,516.0,Winter,7,4.8,0.072,0,Medium,998,123.14285714285714,294.0,2022-11
2022-11-04,S002,Vanilla Cone,Toys,West,182,58,89,188.5,383.42,11,Snowy,0,337.16,Winter,7,3.8,0.094,0,Medium,575,98.14285714285714,2.0,2022-11
