date,forecast_best,Product ID
2022-02-06,6.000022978098716,Blueberry Muffin
2022-04-04,98.9999851991554,Blueberry Muffin
2022-04-05,-3.1360730993412744e-05,Blueberry Muffin
2022-04-06,48.99997164959193,Blueberry Muffin
2022-05-01,211.9999945637926,Blueberry Muffin
2022-05-04,13.999987267053072,Blueberry Muffin
2022-06-05,3.0000235637167947,Blueberry Muffin
2022-06-06,19.000029757930832,Blueberry Muffin
2022-07-03,34.999992543278395,Blueberry Muffin
2022-08-02,109.0000006090048,Blueberry Muffin
2022-08-05,88.99998667902757,Blueberry Muffin
2022-08-06,16.999976140774322,Blueberry Muffin
2022-12-01,18.99998907652156,Blueberry Muffin
2022-12-02,-970.78808901658,Blueberry Muffin
2022-12-03,-1065.1034570252175,Blueberry Muffin
2022-12-04,-474.00322033896816,Blueberry Muffin
2022-12-05,-409.5336772579718,Blueberry Muffin
2022-12-06,-327.05332481507094,Blueberry Muffin
2022-12-07,-103.9790502137344,Blueberry Muffin
2022-12-08,651.073783684877,Blueberry Muffin
2022-12-09,-331.030943104937,Blueberry Muffin
2022-12-10,-420.6745843232401,Blueberry Muffin
2022-12-11,172.2578514255903,Blueberry Muffin
2022-12-12,235.8110889866426,Blueberry Muffin
2022-12-13,314.6246233935457,Blueberry Muffin
2022-12-14,531.1790421511782,Blueberry Muffin
2022-12-15,1276.6533970803607,Blueberry Muffin
2022-12-16,281.6056262902064,Blueberry Muffin
2022-12-17,175.25614445343209,Blueberry Muffin
2022-12-18,747.2427752267795,Blueberry Muffin
2022-12-19,785.0725059278515,Blueberry Muffin
2022-12-20,832.8094365032625,Blueberry Muffin
2022-12-21,1012.3479101131076,Blueberry Muffin
2022-12-22,1714.2997736949126,Blueberry Muffin
2022-12-23,668.7068099284506,Blueberry Muffin
2022-12-24,504.3573844444032,Blueberry Muffin
2022-12-25,1010.5743249580736,Blueberry Muffin
2022-12-26,974.6983087055536,Blueberry Muffin
2022-12-27,940.804918286958,Blueberry Muffin
2022-12-28,1031.0031732346204,Blueberry Muffin
2022-12-29,1636.343377240427,Blueberry Muffin
2022-12-30,487.5443245272347,Blueberry Muffin
2022-12-31,214.31805774474975,Blueberry Muffin
2022-01-01,104.99992005446776,Butter Scotch Cup
2022-01-03,119.9999409228783,Butter Scotch Cup
2022-02-01,172.9999897849531,Butter Scotch Cup
2022-02-04,56.00001983457247,Butter Scotch Cup
2022-03-05,144.99997751262407,Butter Scotch Cup
2022-04-06,43.000048623439454,Butter Scotch Cup
2022-05-06,18.999992006890466,Butter Scotch Cup
2022-06-04,15.000005068041446,Butter Scotch Cup
2022-07-02,186.9999601059452,Butter Scotch Cup
2022-07-04,141.9999744978869,Butter Scotch Cup
2022-08-01,191.00000363956812,Butter Scotch Cup
2022-08-06,272.9999821561772,Butter Scotch Cup
2022-09-02,237.99997180997468,Butter Scotch Cup
2022-10-04,62.0000519484272,Butter Scotch Cup
2022-10-06,25.000023131493776,Butter Scotch Cup
2022-11-02,329.000031442053,Butter Scotch Cup
2022-11-04,629.000028670953,Butter Scotch Cup
2022-12-02,389.0000313871796,Butter Scotch Cup
2022-12-04,36.00001606660953,Butter Scotch Cup
2022-12-05,68.00001207752098,Butter Scotch Cup
2022-12-06,1639.6361451197336,Butter Scotch Cup
2022-12-07,-1097.0612355890166,Butter Scotch Cup
2022-12-08,1482.024693698692,Butter Scotch Cup
2022-12-09,-1893.131491519252,Butter Scotch Cup
2022-12-10,-1610.0938943495698,Butter Scotch Cup
2022-12-11,-1931.865262040866,Butter Scotch Cup
2022-12-12,-1686.8374830642654,Butter Scotch Cup
2022-12-13,130.36115110317064,Butter Scotch Cup
2022-12-14,-2332.977950513857,Butter Scotch Cup
2022-12-15,541.6574931851032,Butter Scotch Cup
2022-12-16,-2522.122332291673,Butter Scotch Cup
2022-12-17,-1918.8746382738484,Butter Scotch Cup
2022-12-18,-1919.070188359528,Butter Scotch Cup
2022-12-19,-1358.8707404528595,Butter Scotch Cup
2022-12-20,759.211891179695,Butter Scotch Cup
2022-12-21,-1425.329381425162,Butter Scotch Cup
2022-12-22,1698.508300371575,Butter Scotch Cup
2022-12-23,-1152.6812299081814,Butter Scotch Cup
2022-12-24,-379.7801078679322,Butter Scotch Cup
2022-12-25,-258.70547143074305,Butter Scotch Cup
2022-12-26,369.9835372441677,Butter Scotch Cup
2022-12-27,2500.575326695991,Butter Scotch Cup
2022-12-28,270.6827513313058,Butter Scotch Cup
2022-12-29,3290.83985940848,Butter Scotch Cup
2022-12-30,278.6405148943147,Butter Scotch Cup
2022-12-31,835.6926040472832,Butter Scotch Cup
2023-01-01,690.0421313143192,Butter Scotch Cup
2023-01-02,1006.5107405590066,Butter Scotch Cup
2023-01-03,2786.091635876261,Butter Scotch Cup
2023-01-04,174.29617564696937,Butter Scotch Cup
2022-02-01,84.00000501168057,Caramel Popcorn
2022-02-04,107.00000031316632,Caramel Popcorn
2022-02-05,172.9999987186069,Caramel Popcorn
2022-02-06,-5.650190345818373e-06,Caramel Popcorn
2022-03-01,255.0000141513833,Caramel Popcorn
2022-03-05,71.00002480592264,Caramel Popcorn
2022-04-04,61.99997667411409,Caramel Popcorn
2022-04-05,40.99997436435003,Caramel Popcorn
2022-05-03,242.00000083965497,Caramel Popcorn
2022-05-04,53.000002113447785,Caramel Popcorn
2022-05-06,258.0000017412852,Caramel Popcorn
2022-06-01,54.0000060496668,Caramel Popcorn
2022-06-03,34.00000692478411,Caramel Popcorn
2022-07-04,271.99999999076863,Caramel Popcorn
2022-08-05,53.00000654625063,Caramel Popcorn
2022-08-06,174.00000571075523,Caramel Popcorn
2022-09-01,75.99999259914667,Caramel Popcorn
2022-09-06,62.99998740895293,Caramel Popcorn
2022-10-03,42.99998908831471,Caramel Popcorn
2022-10-04,275.99999298593906,Caramel Popcorn
2022-11-03,35.00001615325214,Caramel Popcorn
2022-12-03,166.00001153701928,Caramel Popcorn
2022-12-05,36.00001380857809,Caramel Popcorn
2022-12-06,29.00001474350892,Caramel Popcorn
2022-12-07,-406.8202944878214,Caramel Popcorn
2022-12-08,-751.2905997030588,Caramel Popcorn
2022-12-09,-646.1267106732023,Caramel Popcorn
2022-12-10,-780.458488393466,Caramel Popcorn
2022-12-11,-1131.3240887387244,Caramel Popcorn
2022-12-12,-773.9556647062849,Caramel Popcorn
2022-12-13,-692.1728260882744,Caramel Popcorn
2022-12-14,-1028.027969153807,Caramel Popcorn
2022-12-15,-1263.5673068707183,Caramel Popcorn
2022-12-16,-1042.9318744280838,Caramel Popcorn
2022-12-17,-1057.8277590775467,Caramel Popcorn
2022-12-18,-1287.9586176636603,Caramel Popcorn
2022-12-19,-811.2471592364932,Caramel Popcorn
2022-12-20,-614.1634997987344,Caramel Popcorn
2022-12-21,-841.3061416996022,Caramel Popcorn
2022-12-22,-977.101037323354,Caramel Popcorn
2022-12-23,-667.8445878266876,Caramel Popcorn
2022-12-24,-607.1213075025245,Caramel Popcorn
2022-12-25,-776.1905653978591,Caramel Popcorn
2022-12-26,-254.1702608810458,Caramel Popcorn
2022-12-27,-28.33631920643712,Caramel Popcorn
2022-12-28,-243.68451211970512,Caramel Popcorn
2022-12-29,-384.6205688521432,Caramel Popcorn
2022-12-30,-97.0046731640353,Caramel Popcorn
2022-12-31,-73.58105403838589,Caramel Popcorn
2023-01-01,-294.38679066282816,Caramel Popcorn
2023-01-02,163.03286375743926,Caramel Popcorn
2023-01-03,313.2845526616893,Caramel Popcorn
2023-01-04,13.51680271990869,Caramel Popcorn
2023-01-05,-218.3248119597119,Caramel Popcorn
2022-01-02,76.99996504804531,Cheese Crackers
2022-01-03,91.99994797818516,Cheese Crackers
2022-02-06,153.99998861251123,Cheese Crackers
2022-03-01,107.99995266251447,Cheese Crackers
2022-03-02,33.99995499398773,Cheese Crackers
2022-03-04,77.00000641014759,Cheese Crackers
2022-03-06,349.00000301304,Cheese Crackers
2022-04-04,30.99996834594549,Cheese Crackers
2022-05-03,161.99998997193114,Cheese Crackers
2022-05-05,356.99998627631743,Cheese Crackers
2022-08-02,250.0000127791298,Cheese Crackers
2022-08-04,287.0000115534808,Cheese Crackers
2022-08-05,1.0000420045045075,Cheese Crackers
2022-09-01,234.99992113574604,Cheese Crackers
2022-09-02,508.9999487180505,Cheese Crackers
2022-09-03,199.99995508252528,Cheese Crackers
2022-09-05,190.9999092304182,Cheese Crackers
2022-10-05,90.00002090546093,Cheese Crackers
2022-11-01,133.00005778232526,Cheese Crackers
2022-11-02,192.0000555353656,Cheese Crackers
2022-11-04,83.00009326243207,Cheese Crackers
2022-12-02,297.99998529487385,Cheese Crackers
2022-12-04,243.99996456358176,Cheese Crackers
2022-12-05,-1962.4674585655275,Cheese Crackers
2022-12-06,-3783.009239518236,Cheese Crackers
2022-12-07,-4093.63014524748,Cheese Crackers
2022-12-08,-4237.8407927149465,Cheese Crackers
2022-12-09,-5076.485213532547,Cheese Crackers
2022-12-10,-6594.569120533026,Cheese Crackers
2022-12-11,-6518.929381554267,Cheese Crackers
2022-12-12,-9220.604511115333,Cheese Crackers
2022-12-13,-11376.61931422478,Cheese Crackers
2022-12-14,-11847.389445506766,Cheese Crackers
2022-12-15,-11965.237542768868,Cheese Crackers
2022-12-16,-12584.619327672268,Cheese Crackers
2022-12-17,-13689.221627400191,Cheese Crackers
2022-12-18,-13009.763528068836,Cheese Crackers
2022-12-19,-14926.355023659964,Cheese Crackers
2022-12-20,-16130.124887212303,Cheese Crackers
2022-12-21,-15500.326235029155,Cheese Crackers
2022-12-22,-14392.418224095492,Cheese Crackers
2022-12-23,-13687.732969877836,Cheese Crackers
2022-12-24,-13399.90397295849,Cheese Crackers
2022-12-25,-11291.90485931729,Cheese Crackers
2022-12-26,-11777.573175099498,Cheese Crackers
2022-12-27,-11582.353562598226,Cheese Crackers
2022-12-28,-9619.492984047987,Cheese Crackers
2022-12-29,-7277.211547290212,Cheese Crackers
2022-12-30,-5467.4833452054,Cheese Crackers
2022-12-31,-4231.62841423326,Cheese Crackers
2023-01-01,-1356.5882179930577,Cheese Crackers
2023-01-02,-1275.781105123143,Cheese Crackers
2023-01-03,-729.2912562590668,Cheese Crackers
2022-02-02,91.99997759358706,Choco Lava Cake
2022-04-05,89.99999497143568,Choco Lava Cake
2022-05-02,420.99998628028777,Choco Lava Cake
2022-05-03,302.99998361566645,Choco Lava Cake
2022-05-05,316.9999846462202,Choco Lava Cake
2022-05-06,210.9999627420451,Choco Lava Cake
2022-08-06,455.000004808106,Choco Lava Cake
2022-09-06,74.9999823437775,Choco Lava Cake
2022-10-05,354.9999933689021,Choco Lava Cake
2022-10-06,71.99998449125025,Choco Lava Cake
2022-11-01,178.00002810647464,Choco Lava Cake
2022-11-04,53.00001702313091,Choco Lava Cake
2022-12-05,62.00003009650743,Choco Lava Cake
2022-12-06,129.00002987613834,Choco Lava Cake
2022-12-07,988.689295303323,Choco Lava Cake
2022-12-08,554.4676426820799,Choco Lava Cake
2022-12-09,671.821034936251,Choco Lava Cake
2022-12-10,1071.3372721232404,Choco Lava Cake
2022-12-11,3023.3406611161854,Choco Lava Cake
2022-12-12,1087.185074388139,Choco Lava Cake
2022-12-13,1167.5610005070964,Choco Lava Cake
2022-12-14,2021.329620419409,Choco Lava Cake
2022-12-15,1561.181402651831,Choco Lava Cake
2022-12-16,1632.4115388122857,Choco Lava Cake
2022-12-17,1965.9529226773184,Choco Lava Cake
2022-12-18,3833.0122004668674,Choco Lava Cake
2022-12-19,1794.3481346338726,Choco Lava Cake
2022-12-20,1756.54820615264,Choco Lava Cake
2022-12-21,2478.817292985841,Choco Lava Cake
2022-12-22,1876.577178350032,Choco Lava Cake
2022-12-23,1798.1708908093683,Choco Lava Cake
2022-12-24,1977.814629238893,Choco Lava Cake
2022-12-25,3690.145158195584,Choco Lava Cake
2022-12-26,1499.404511347412,Choco Lava Cake
2022-12-27,1315.620682498653,Choco Lava Cake
2022-12-28,1901.3009732199612,Choco Lava Cake
2022-12-29,1174.939573766769,Choco Lava Cake
2022-12-30,987.636108959104,Choco Lava Cake
2022-12-31,1075.9704567103065,Choco Lava Cake
2023-01-01,2716.484027301318,Choco Lava Cake
2023-01-02,474.81132205323627,Choco Lava Cake
2023-01-03,261.822051496023,Choco Lava Cake
2023-01-04,840.2916526833679,Choco Lava Cake
2023-01-05,128.40248893003854,Choco Lava Cake
2022-01-01,134.99999577893112,Chocolate Donut
2022-01-06,78.00003485397447,Chocolate Donut
2022-02-02,13.999924515832902,Chocolate Donut
2022-02-04,255.9999263863874,Chocolate Donut
2022-03-04,337.00000873656825,Chocolate Donut
2022-03-05,6.0000075277571625,Chocolate Donut
2022-04-02,419.0000541395585,Chocolate Donut
2022-04-04,160.00004464929262,Chocolate Donut
2022-05-04,28.000018713430165,Chocolate Donut
2022-06-06,39.99999377897632,Chocolate Donut
2022-07-03,35.0000127035172,Chocolate Donut
2022-07-04,28.00001043842985,Chocolate Donut
2022-07-05,394.00000313813246,Chocolate Donut
2022-08-05,186.999989010938,Chocolate Donut
2022-09-05,18.99994064003829,Chocolate Donut
2022-12-05,251.0000168003985,Chocolate Donut
2022-12-06,33.00001145903775,Chocolate Donut
2022-12-07,731.4977173648589,Chocolate Donut
2022-12-08,1894.6379327932257,Chocolate Donut
2022-12-09,1428.6604789997864,Chocolate Donut
2022-12-10,1312.8896848680492,Chocolate Donut
2022-12-11,2451.414307364556,Chocolate Donut
2022-12-12,1958.9820302911276,Chocolate Donut
2022-12-13,1846.2863982110823,Chocolate Donut
2022-12-14,2595.065360816072,Chocolate Donut
2022-12-15,3754.122167289193,Chocolate Donut
2022-12-16,3231.6815400260766,Chocolate Donut
2022-12-17,3010.281290957801,Chocolate Donut
2022-12-18,3998.326637360824,Chocolate Donut
2022-12-19,3315.8355229186072,Chocolate Donut
2022-12-20,2979.5574577444054,Chocolate Donut
2022-12-21,3477.890063334308,Chocolate Donut
2022-12-22,4366.709281269122,Chocolate Donut
2022-12-23,3561.5314555471214,Chocolate Donut
2022-12-24,3052.212648761956,Chocolate Donut
2022-12-25,3754.3174238650126,Chocolate Donut
2022-12-26,2794.6900217515868,Chocolate Donut
2022-12-27,2196.4146070510387,Chocolate Donut
2022-12-28,2453.592362533498,Chocolate Donut
2022-12-29,3127.054340678864,Chocolate Donut
2022-12-30,2136.430527581548,Chocolate Donut
2022-12-31,1474.781981885269,Chocolate Donut
2023-01-01,2059.9290239149527,Chocolate Donut
2023-01-02,1020.0083948517574,Chocolate Donut
2023-01-03,378.44532123111287,Chocolate Donut
2023-01-04,628.7668470023928,Chocolate Donut
2023-01-05,1330.3733072623384,Chocolate Donut
2022-01-05,53.99999743039251,Chocolate IceCream
2022-02-02,301.0000107916704,Chocolate IceCream
2022-03-03,269.00001216853923,Chocolate IceCream
2022-03-04,22.00001392605565,Chocolate IceCream
2022-03-06,142.00001213865343,Chocolate IceCream
2022-05-02,29.99998719169411,Chocolate IceCream
2022-05-03,299.99998750911084,Chocolate IceCream
2022-05-06,92.99999120372684,Chocolate IceCream
2022-06-05,28.99998936414009,Chocolate IceCream
2022-07-02,169.0000044316723,Chocolate IceCream
2022-07-03,29.000003940588527,Chocolate IceCream
2022-07-05,343.0000027088771,Chocolate IceCream
2022-08-05,353.0000177421241,Chocolate IceCream
2022-09-02,278.00001139276503,Chocolate IceCream
2022-09-06,394.0000085370127,Chocolate IceCream
2022-10-03,164.0000044991483,Chocolate IceCream
2022-10-04,169.00000509942234,Chocolate IceCream
2022-11-01,301.99999173752985,Chocolate IceCream
2022-11-02,42.9999931260482,Chocolate IceCream
2022-11-04,65.99999368458802,Chocolate IceCream
2022-11-05,239.06660798628693,Chocolate IceCream
2022-11-06,-91.50255677697804,Chocolate IceCream
2022-11-07,-313.5494218053563,Chocolate IceCream
2022-11-08,-185.5992768436764,Chocolate IceCream
2022-11-09,-596.4325030310049,Chocolate IceCream
2022-11-10,-385.2583156930855,Chocolate IceCream
2022-11-11,-825.5826708505675,Chocolate IceCream
2022-11-12,-746.8989113356616,Chocolate IceCream
2022-11-13,-1147.8004828289857,Chocolate IceCream
2022-11-14,-1414.784925170621,Chocolate IceCream
2022-11-15,-1305.741278863004,Chocolate IceCream
2022-11-16,-1709.5236315659754,Chocolate IceCream
2022-11-17,-1466.106859116933,Chocolate IceCream
2022-11-18,-1850.417534521396,Chocolate IceCream
2022-11-19,-1693.9699402701897,Chocolate IceCream
2022-11-20,-1997.9083584328564,Chocolate IceCream
2022-11-21,-2151.727113787402,Chocolate IceCream
2022-11-22,-1916.66313510562,Chocolate IceCream
2022-11-23,-2185.166659884382,Chocolate IceCream
2022-11-24,-1800.9492256542271,Chocolate IceCream
2022-11-25,-2042.7051062879048,Chocolate IceCream
2022-11-26,-1745.6393165160043,Chocolate IceCream
2022-11-27,-1914.406457191908,Chocolate IceCream
2022-11-28,-1941.7347958443756,Chocolate IceCream
2022-11-29,-1591.7330052672685,Chocolate IceCream
2022-11-30,-1759.2875071740148,Chocolate IceCream
2022-12-01,-1290.0514860523997,Chocolate IceCream
2022-12-02,-1464.1232028059,Chocolate IceCream
2022-12-03,-1117.5477141178644,Chocolate IceCream
2022-12-04,-1255.2467416840875,Chocolate IceCream
2022-01-03,343.0000425288982,Coffee Crunch Bar
2022-03-06,44.00001451740917,Coffee Crunch Bar
2022-05-06,101.0000725835216,Coffee Crunch Bar
2022-07-03,1.0000133766426416,Coffee Crunch Bar
2022-07-05,19.999998416329163,Coffee Crunch Bar
2022-07-06,18.999970779760982,Coffee Crunch Bar
2022-08-02,67.99997284673083,Coffee Crunch Bar
2022-09-03,452.9999496577595,Coffee Crunch Bar
2022-09-05,61.99995383004728,Coffee Crunch Bar
2022-10-04,214.9999922822766,Coffee Crunch Bar
2022-12-01,425.00004586834376,Coffee Crunch Bar
2022-12-02,36.000080845349885,Coffee Crunch Bar
2022-12-05,350.00009655192594,Coffee Crunch Bar
2022-12-06,426.0000599389661,Coffee Crunch Bar
2022-12-07,365.5136622544159,Coffee Crunch Bar
2022-12-08,-5509.215969570212,Coffee Crunch Bar
2022-12-09,-5636.19420091335,Coffee Crunch Bar
2022-12-10,-1466.7674237439182,Coffee Crunch Bar
2022-12-11,-4149.757316135405,Coffee Crunch Bar
2022-12-12,-3965.432330055161,Coffee Crunch Bar
2022-12-13,-3287.5036086036266,Coffee Crunch Bar
2022-12-14,-2696.1964427064786,Coffee Crunch Bar
2022-12-15,-7886.161353347057,Coffee Crunch Bar
2022-12-16,-7312.900449391169,Coffee Crunch Bar
2022-12-17,-2445.35790355715,Coffee Crunch Bar
2022-12-18,-4449.553490801436,Coffee Crunch Bar
2022-12-19,-3622.069292813232,Coffee Crunch Bar
2022-12-20,-2351.590836877898,Coffee Crunch Bar
2022-12-21,-1231.566901403928,Coffee Crunch Bar
2022-12-22,-5967.763871762108,Coffee Crunch Bar
2022-12-23,-5024.400427378683,Coffee Crunch Bar
2022-12-24,123.48042315937904,Coffee Crunch Bar
2022-12-25,-1693.4829683051337,Coffee Crunch Bar
2022-12-26,-772.4012042591588,Coffee Crunch Bar
2022-12-27,500.2974036272901,Coffee Crunch Bar
2022-12-28,1536.0967226920752,Coffee Crunch Bar
2022-12-29,-3363.350800980434,Coffee Crunch Bar
2022-12-30,-2652.620941536127,Coffee Crunch Bar
2022-12-31,2204.783495563016,Coffee Crunch Bar
2023-01-01,52.55701093744312,Coffee Crunch Bar
2023-01-02,607.7368379437712,Coffee Crunch Bar
2023-01-03,1498.6799259667414,Coffee Crunch Bar
2023-01-04,2151.822315625791,Coffee Crunch Bar
2023-01-05,-3116.5370318689675,Coffee Crunch Bar
2022-01-06,73.00028360414757,Dairy Milk Chocolate
2022-02-02,157.99996003043128,Dairy Milk Chocolate
2022-03-03,30.999810691033304,Dairy Milk Chocolate
2022-04-03,480.000188988782,Dairy Milk Chocolate
2022-05-01,10.999938912507332,Dairy Milk Chocolate
2022-05-06,274.00002916720706,Dairy Milk Chocolate
2022-07-05,202.00007925383136,Dairy Milk Chocolate
2022-10-01,271.000236779046,Dairy Milk Chocolate
2022-11-04,35.999845323109184,Dairy Milk Chocolate
2022-12-02,113.99989474618404,Dairy Milk Chocolate
2022-12-06,243.99968170715056,Dairy Milk Chocolate
2022-12-07,4270.650865065687,Dairy Milk Chocolate
2022-12-08,-4409.697481961408,Dairy Milk Chocolate
2022-12-09,2521.627229453012,Dairy Milk Chocolate
2022-12-10,-3230.817847530298,Dairy Milk Chocolate
2022-12-11,2907.4325038543207,Dairy Milk Chocolate
2022-12-12,-406.6883848122084,Dairy Milk Chocolate
2022-12-13,6026.394017111847,Dairy Milk Chocolate
2022-12-14,10665.70483563993,Dairy Milk Chocolate
2022-12-15,2470.973844011132,Dairy Milk Chocolate
2022-12-16,9749.111150497907,Dairy Milk Chocolate
2022-12-17,4196.571503718292,Dairy Milk Chocolate
2022-12-18,10383.529523556066,Dairy Milk Chocolate
2022-12-19,6966.48483994056,Dairy Milk Chocolate
2022-12-20,13148.374491357636,Dairy Milk Chocolate
2022-12-21,17395.219699543184,Dairy Milk Chocolate
2022-12-22,8677.121994875622,Dairy Milk Chocolate
2022-12-23,15314.394862257031,Dairy Milk Chocolate
2022-12-24,9019.509313642176,Dairy Milk Chocolate
2022-12-25,14380.788989684295,Dairy Milk Chocolate
2022-12-26,10074.488515221172,Dairy Milk Chocolate
2022-12-27,15324.34819930691,Dairy Milk Chocolate
2022-12-28,18617.668458128806,Dairy Milk Chocolate
2022-12-29,8945.735245512555,Dairy Milk Chocolate
2022-12-30,14649.398545164448,Dairy Milk Chocolate
2022-12-31,7460.49734744211,Dairy Milk Chocolate
2023-01-01,11985.080444972236,Dairy Milk Chocolate
2023-01-02,6915.068855640611,Dairy Milk Chocolate
2023-01-03,11487.46308728239,Dairy Milk Chocolate
2023-01-04,14200.146540614096,Dairy Milk Chocolate
2023-01-05,4052.1218714778606,Dairy Milk Chocolate
2022-01-03,77.00000231785839,Dark Fantasy Cookie
2022-01-05,152.00000500116022,Dark Fantasy Cookie
2022-02-04,134.00000413130508,Dark Fantasy Cookie
2022-02-06,420.0000042173639,Dark Fantasy Cookie
2022-03-02,145.00001062748004,Dark Fantasy Cookie
2022-03-05,477.9999937573549,Dark Fantasy Cookie
2022-04-01,72.99997229635075,Dark Fantasy Cookie
2022-05-03,45.00003949571828,Dark Fantasy Cookie
2022-06-06,504.99996816031023,Dark Fantasy Cookie
2022-07-03,230.9999991996585,Dark Fantasy Cookie
2022-08-04,14.00002596671996,Dark Fantasy Cookie
2022-08-05,423.000021965256,Dark Fantasy Cookie
2022-09-01,169.99996431728528,Dark Fantasy Cookie
2022-09-03,204.9999622536533,Dark Fantasy Cookie
2022-09-05,298.9999721230305,Dark Fantasy Cookie
2022-10-01,112.00000499417952,Dark Fantasy Cookie
2022-10-02,359.0000081069435,Dark Fantasy Cookie
2022-10-03,163.0000138417664,Dark Fantasy Cookie
2022-11-03,42.999996050991,Dark Fantasy Cookie
2022-11-04,391.499807505672,Dark Fantasy Cookie
2022-11-05,736.2570257235761,Dark Fantasy Cookie
2022-11-06,1289.0170729453323,Dark Fantasy Cookie
2022-11-07,1398.322004276768,Dark Fantasy Cookie
2022-11-08,3323.1993446120086,Dark Fantasy Cookie
2022-11-09,2035.0023730471505,Dark Fantasy Cookie
2022-11-10,1404.3377659077682,Dark Fantasy Cookie
2022-11-11,1661.818016857456,Dark Fantasy Cookie
2022-11-12,1894.2879240431384,Dark Fantasy Cookie
2022-11-13,2314.793620479696,Dark Fantasy Cookie
2022-11-14,2273.5932327716973,Dark Fantasy Cookie
2022-11-15,4031.828768052712,Dark Fantasy Cookie
2022-11-16,2563.339751095402,Dark Fantasy Cookie
2022-11-17,1741.5546468668265,Dark Fantasy Cookie
2022-11-18,1800.197872996599,Dark Fantasy Cookie
2022-11-19,1829.4623423078651,Dark Fantasy Cookie
2022-11-20,2045.9169208251576,Dark Fantasy Cookie
2022-11-21,1803.4490415331445,Dark Fantasy Cookie
2022-11-22,3366.8634537998955,Dark Fantasy Cookie
2022-11-23,1713.6192070239467,Dark Fantasy Cookie
2022-11-24,720.6426414285627,Dark Fantasy Cookie
2022-11-25,624.9560479900535,Dark Fantasy Cookie
2022-11-26,519.7738681942728,Dark Fantasy Cookie
2022-11-27,624.337772667754,Dark Fantasy Cookie
2022-11-28,294.79278252272104,Dark Fantasy Cookie
2022-11-29,1797.727253217467,Dark Fantasy Cookie
2022-11-30,111.8605220340487,Dark Fantasy Cookie
2022-12-01,-885.1824933237291,Dark Fantasy Cookie
2022-12-02,-956.2688047386016,Dark Fantasy Cookie
2022-12-03,-1008.6741012619888,Dark Fantasy Cookie
2022-01-06,308.00012475957567,Fruit Jelly Cup
2022-03-03,93.99999742777312,Fruit Jelly Cup
2022-05-05,223.0000537918692,Fruit Jelly Cup
2022-05-06,33.99998565303088,Fruit Jelly Cup
2022-06-03,275.0000153072902,Fruit Jelly Cup
2022-06-05,72.00004187833395,Fruit Jelly Cup
2022-07-04,15.000033678192494,Fruit Jelly Cup
2022-08-01,194.00006870836324,Fruit Jelly Cup
2022-09-05,359.0000006358043,Fruit Jelly Cup
2022-09-06,78.00000206962594,Fruit Jelly Cup
2022-10-02,520.9999516473412,Fruit Jelly Cup
2022-10-06,229.9999982201029,Fruit Jelly Cup
2022-11-02,158.0000094616356,Fruit Jelly Cup
2022-11-03,125.0000222364328,Fruit Jelly Cup
2022-12-01,64.00001056548457,Fruit Jelly Cup
2022-12-02,198.9999416086262,Fruit Jelly Cup
2022-12-06,74.99997774636896,Fruit Jelly Cup
2022-12-07,372.9743638028566,Fruit Jelly Cup
2022-12-08,1453.6378476504244,Fruit Jelly Cup
2022-12-09,1058.596725521012,Fruit Jelly Cup
2022-12-10,5247.976293613453,Fruit Jelly Cup
2022-12-11,1888.063399452,Fruit Jelly Cup
2022-12-12,236.49270921707537,Fruit Jelly Cup
2022-12-13,-886.2162953986889,Fruit Jelly Cup
2022-12-14,-922.9286903440676,Fruit Jelly Cup
2022-12-15,-116.41627796299056,Fruit Jelly Cup
2022-12-16,-722.144198537301,Fruit Jelly Cup
2022-12-17,3321.071911102955,Fruit Jelly Cup
2022-12-18,-121.2249260178123,Fruit Jelly Cup
2022-12-19,-1793.8319086931028,Fruit Jelly Cup
2022-12-20,-2880.19145314418,Fruit Jelly Cup
2022-12-21,-2828.465600724163,Fruit Jelly Cup
2022-12-22,-1887.8333576082257,Fruit Jelly Cup
2022-12-23,-2321.030370656952,Fruit Jelly Cup
2022-12-24,1925.2547871898832,Fruit Jelly Cup
2022-12-25,-1291.6437419498525,Fruit Jelly Cup
2022-12-26,-2724.804114472944,Fruit Jelly Cup
2022-12-27,-3565.768413116852,Fruit Jelly Cup
2022-12-28,-3270.3814961869857,Fruit Jelly Cup
2022-12-29,-2094.8771155926406,Fruit Jelly Cup
2022-12-30,-2308.236273566025,Fruit Jelly Cup
2022-12-31,2137.5634488493506,Fruit Jelly Cup
2023-01-01,-904.3671167102848,Fruit Jelly Cup
2023-01-02,-2190.1939572460137,Fruit Jelly Cup
2023-01-03,-2913.381942646462,Fruit Jelly Cup
2023-01-04,-2530.5436855400903,Fruit Jelly Cup
2023-01-05,-1297.5733571527976,Fruit Jelly Cup
2022-01-04,150.00002064917305,KitKat Bar
2022-03-02,354.0000290407368,KitKat Bar
2022-03-03,296.99997726908225,KitKat Bar
2022-03-04,202.99997948820345,KitKat Bar
2022-05-02,482.000013304689,KitKat Bar
2022-05-05,383.9999892357997,KitKat Bar
2022-05-06,86.99998927435172,KitKat Bar
2022-06-01,136.00007151258592,KitKat Bar
2022-06-04,421.0000265229397,KitKat Bar
2022-08-01,2.9999726369264863,KitKat Bar
2022-08-05,95.99995985996748,KitKat Bar
2022-09-04,353.9999233034357,KitKat Bar
2022-10-01,25.999974658461724,KitKat Bar
2022-10-03,383.9999581439313,KitKat Bar
2022-11-03,78.999887727633,KitKat Bar
2022-11-05,198.9999171919744,KitKat Bar
2022-12-02,90.00000952577739,KitKat Bar
2022-12-05,43.00002489206781,KitKat Bar
2022-12-06,-4751.489880949506,KitKat Bar
2022-12-07,469.86334376238574,KitKat Bar
2022-12-08,262.1129434409622,KitKat Bar
2022-12-09,144.9499032873955,KitKat Bar
2022-12-10,3109.1250002201464,KitKat Bar
2022-12-11,3460.1924814741974,KitKat Bar
2022-12-12,2040.676311382041,KitKat Bar
2022-12-13,-1999.9760053656944,KitKat Bar
2022-12-14,3988.302107073075,KitKat Bar
2022-12-15,4534.224696111125,KitKat Bar
2022-12-16,5130.738618395753,KitKat Bar
2022-12-17,8742.292600583318,KitKat Bar
2022-12-18,9649.421280363811,KitKat Bar
2022-12-19,8671.719643597493,KitKat Bar
2022-12-20,4938.548249399267,KitKat Bar
2022-12-21,11083.400401193823,KitKat Bar
2022-12-22,11622.501780940118,KitKat Bar
2022-12-23,12040.84891528513,KitKat Bar
2022-12-24,15299.79903549782,KitKat Bar
2022-12-25,15681.832267686936,KitKat Bar
2022-12-26,14013.55546219235,KitKat Bar
2022-12-27,9436.286349470633,KitKat Bar
2022-12-28,14600.151934447204,KitKat Bar
2022-12-29,14042.2787850667,KitKat Bar
2022-12-30,13272.292902075364,KitKat Bar
2022-12-31,15279.256902224972,KitKat Bar
2023-01-01,14375.684031769648,KitKat Bar
2023-01-02,11419.719766922432,KitKat Bar
2023-01-03,5584.853375548664,KitKat Bar
2023-01-04,9553.118584025098,KitKat Bar
2022-01-05,4.000036101730643,Lays Chips
2022-03-01,437.9999836008491,Lays Chips
2022-04-02,134.9999465712392,Lays Chips
2022-05-05,57.00004665891368,Lays Chips
2022-05-06,425.000064292842,Lays Chips
2022-07-02,118.99994210417412,Lays Chips
2022-07-04,71.99998135568853,Lays Chips
2022-07-06,371.0000212088677,Lays Chips
2022-08-06,193.99999843246476,Lays Chips
2022-11-03,151.00003214878075,Lays Chips
2022-11-04,294.00005329462965,Lays Chips
2022-12-02,179.00002151458852,Lays Chips
2022-12-05,136.9999772067424,Lays Chips
2022-12-06,1916.8097776133984,Lays Chips
2022-12-07,-798.8860800744694,Lays Chips
2022-12-08,-655.9999741716781,Lays Chips
2022-12-09,-505.333355486476,Lays Chips
2022-12-10,219.84802098434105,Lays Chips
2022-12-11,-252.98251737234975,Lays Chips
2022-12-12,-1726.5989337423932,Lays Chips
2022-12-13,-256.6222044109016,Lays Chips
2022-12-14,-3222.960147586039,Lays Chips
2022-12-15,-3263.259131556776,Lays Chips
2022-12-16,-3221.9126737425304,Lays Chips
2022-12-17,-2527.8112161829404,Lays Chips
2022-12-18,-2951.253537246449,Lays Chips
2022-12-19,-4294.985171661348,Lays Chips
2022-12-20,-2616.786277167296,Lays Chips
2022-12-21,-5300.836432779079,Lays Chips
2022-12-22,-4991.030720157046,Lays Chips
2022-12-23,-4539.796445455931,Lays Chips
2022-12-24,-3385.600764288085,Lays Chips
2022-12-25,-3309.577096146919,Lays Chips
2022-12-26,-4126.244351009048,Lays Chips
2022-12-27,-1905.7510219444628,Lays Chips
2022-12-28,-4044.881921027381,Lays Chips
2022-12-29,-3200.0125734875373,Lays Chips
2022-12-30,-2235.571344974785,Lays Chips
2022-12-31,-601.2100198478706,Lays Chips
2023-01-01,-88.12060109835079,Lays Chips
2023-01-02,-519.4813783074528,Lays Chips
2023-01-03,2027.527784940335,Lays Chips
2023-01-04,150.8966238008884,Lays Chips
2022-01-03,379.99999878266783,Mango Ice Cream
2022-01-04,130.99999286814813,Mango Ice Cream
2022-02-01,101.00000421535898,Mango Ice Cream
2022-02-02,97.00001086739108,Mango Ice Cream
2022-02-04,169.000016301217,Mango Ice Cream
2022-03-02,88.99999289802626,Mango Ice Cream
2022-03-04,135.9999846502577,Mango Ice Cream
2022-04-03,55.000012559921885,Mango Ice Cream
2022-05-05,81.00000215352908,Mango Ice Cream
2022-07-06,146.99998956885088,Mango Ice Cream
2022-08-01,381.0000043434699,Mango Ice Cream
2022-08-03,173.99999898642412,Mango Ice Cream
2022-08-06,241.9999905430439,Mango Ice Cream
2022-09-03,275.0000225448956,Mango Ice Cream
2022-09-04,47.00001871778808,Mango Ice Cream
2022-09-06,99.00001618012604,Mango Ice Cream
2022-10-02,75.99997444070172,Mango Ice Cream
2022-10-03,0.9999823582563464,Mango Ice Cream
2022-11-02,190.0000039202719,Mango Ice Cream
2022-11-03,336.00000071734127,Mango Ice Cream
2022-11-05,49.99999846332162,Mango Ice Cream
2022-11-06,-528.8053788995342,Mango Ice Cream
2022-11-07,-848.0780387848081,Mango Ice Cream
2022-11-08,-1186.1859986430095,Mango Ice Cream
2022-11-09,-1371.6276838372237,Mango Ice Cream
2022-11-10,-1308.2553887880192,Mango Ice Cream
2022-11-11,-1668.0353053242493,Mango Ice Cream
2022-11-12,-1704.1834866617528,Mango Ice Cream
2022-11-13,-2305.907045086527,Mango Ice Cream
2022-11-14,-2624.2415279929646,Mango Ice Cream
2022-11-15,-2936.094569860803,Mango Ice Cream
2022-11-16,-3068.8957363256177,Mango Ice Cream
2022-11-17,-2925.8669220374773,Mango Ice Cream
2022-11-18,-3178.8217648880777,Mango Ice Cream
2022-11-19,-3081.3319988416924,Mango Ice Cream
2022-11-20,-3523.488772711936,Mango Ice Cream
2022-11-21,-3657.748828423079,Mango Ice Cream
2022-11-22,-3762.9748441929023,Mango Ice Cream
2022-11-23,-3669.0693587195656,Mango Ice Cream
2022-11-24,-3282.216455704423,Mango Ice Cream
2022-11-25,-3277.639823943888,Mango Ice Cream
2022-11-26,-2912.7156110183014,Mango Ice Cream
2022-11-27,-3081.66893537613,Mango Ice Cream
2022-11-28,-2941.3451181197324,Mango Ice Cream
2022-11-29,-2775.166416887082,Mango Ice Cream
2022-11-30,-2417.6754335632654,Mango Ice Cream
2022-12-01,-1779.6813701697788,Mango Ice Cream
2022-12-02,-1540.919935429115,Mango Ice Cream
2022-12-03,-963.0676457626308,Mango Ice Cream
2022-12-04,-944.3417905741268,Mango Ice Cream
2022-12-05,-645.1795447404168,Mango Ice Cream
2022-01-02,120.00001634872184,Mint Choco Stick
2022-01-03,125.99999292601376,Mint Choco Stick
2022-01-04,47.99999058979492,Mint Choco Stick
2022-01-05,258.99999922960427,Mint Choco Stick
2022-02-03,204.0000427047786,Mint Choco Stick
2022-02-05,39.00005245011036,Mint Choco Stick
2022-03-03,301.0000261930421,Mint Choco Stick
2022-04-04,160.00001692777468,Mint Choco Stick
2022-05-01,64.00002312072246,Mint Choco Stick
2022-05-02,12.000002630685117,Mint Choco Stick
2022-06-02,77.99998167467038,Mint Choco Stick
2022-07-03,169.99998804557703,Mint Choco Stick
2022-08-01,269.9999884032001,Mint Choco Stick
2022-09-04,212.99995293556609,Mint Choco Stick
2022-10-01,107.00001772662154,Mint Choco Stick
2022-11-01,94.9999913547698,Mint Choco Stick
2022-12-01,12.999987495504229,Mint Choco Stick
2022-12-04,19.00001137434026,Mint Choco Stick
2022-12-05,-846.8889981961452,Mint Choco Stick
2022-12-06,-1865.549670118623,Mint Choco Stick
2022-12-07,-2651.0290262039803,Mint Choco Stick
2022-12-08,-995.124051241448,Mint Choco Stick
2022-12-09,-4026.4338768582656,Mint Choco Stick
2022-12-10,-84.6591633661244,Mint Choco Stick
2022-12-11,-1871.378888848849,Mint Choco Stick
2022-12-12,-2969.009876864576,Mint Choco Stick
2022-12-13,-4176.287891116981,Mint Choco Stick
2022-12-14,-5101.318078299315,Mint Choco Stick
2022-12-15,-3530.977702004803,Mint Choco Stick
2022-12-16,-6590.082880925041,Mint Choco Stick
2022-12-17,-2615.7766814485167,Mint Choco Stick
2022-12-18,-4308.36685964814,Mint Choco Stick
2022-12-19,-5250.317351988606,Mint Choco Stick
2022-12-20,-6241.731818264911,Mint Choco Stick
2022-12-21,-6893.377207203344,Mint Choco Stick
2022-12-22,-4996.031176931204,Mint Choco Stick
2022-12-23,-7679.566645575967,Mint Choco Stick
2022-12-24,-3287.2330069885866,Mint Choco Stick
2022-12-25,-4526.365053147634,Mint Choco Stick
2022-12-26,-4987.226933503179,Mint Choco Stick
2022-12-27,-5478.333082183263,Mint Choco Stick
2022-12-28,-5619.298009202827,Mint Choco Stick
2022-12-29,-3210.0029096525727,Mint Choco Stick
2022-12-30,-5389.496574778457,Mint Choco Stick
2022-12-31,-510.0943295352024,Mint Choco Stick
2023-01-01,-1287.9101015990675,Mint Choco Stick
2023-01-02,-1321.5327906274963,Mint Choco Stick
2023-01-03,-1427.1923882351102,Mint Choco Stick
2022-01-02,299.99997365944864,Oreo Biscuit
2022-01-03,50.99999519848757,Oreo Biscuit
2022-02-02,34.99999390926121,Oreo Biscuit
2022-02-03,129.99997616993176,Oreo Biscuit
2022-02-05,67.99994044855544,Oreo Biscuit
2022-03-05,39.99994341561569,Oreo Biscuit
2022-03-06,106.99995934857247,Oreo Biscuit
2022-04-05,309.0000059537592,Oreo Biscuit
2022-05-02,56.99997071057592,Oreo Biscuit
2022-06-01,359.99999385248555,Oreo Biscuit
2022-06-02,135.99998030520896,Oreo Biscuit
2022-06-05,526.9999645018376,Oreo Biscuit
2022-07-01,44.999962379633445,Oreo Biscuit
2022-07-02,149.99995710958694,Oreo Biscuit
2022-07-03,174.99997035074983,Oreo Biscuit
2022-07-04,143.9999858200129,Oreo Biscuit
2022-07-05,93.0000009035293,Oreo Biscuit
2022-08-05,59.99996923979404,Oreo Biscuit
2022-09-01,253.99998974253063,Oreo Biscuit
2022-10-01,42.99995047727259,Oreo Biscuit
2022-10-03,305.9999755495294,Oreo Biscuit
2022-10-05,52.99997708589103,Oreo Biscuit
2022-11-01,302.00000682867926,Oreo Biscuit
2022-11-02,17.999999431601395,Oreo Biscuit
2022-12-01,16.999965768451602,Oreo Biscuit
2022-12-02,-1161.7627065999932,Oreo Biscuit
2022-12-03,448.149274332,Oreo Biscuit
2022-12-04,1999.4601397555411,Oreo Biscuit
2022-12-05,3496.1580974550907,Oreo Biscuit
2022-12-06,4953.918074239422,Oreo Biscuit
2022-12-07,5783.842092863982,Oreo Biscuit
2022-12-08,5972.529302942487,Oreo Biscuit
2022-12-09,4591.350021953717,Oreo Biscuit
2022-12-10,5923.505926358411,Oreo Biscuit
2022-12-11,7125.844942499162,Oreo Biscuit
2022-12-12,8207.498961151417,Oreo Biscuit
2022-12-13,9190.195857148125,Oreo Biscuit
2022-12-14,9491.876751565884,Oreo Biscuit
2022-12-15,9106.633421708346,Oreo Biscuit
2022-12-16,7113.84317160809,Oreo Biscuit
2022-12-17,7805.086261251867,Oreo Biscuit
2022-12-18,8345.817337449465,Oreo Biscuit
2022-12-19,8753.861757644847,Oreo Biscuit
2022-12-20,9059.590872893868,Oreo Biscuit
2022-12-21,8689.409561565271,Oreo Biscuit
2022-12-22,7645.573001043629,Oreo Biscuit
2022-12-23,5015.211767715536,Oreo Biscuit
2022-12-24,5097.151813069671,Oreo Biscuit
2022-12-25,5063.501866212424,Oreo Biscuit
2022-12-26,4938.079913712708,Oreo Biscuit
2022-12-27,4756.533238342489,Oreo Biscuit
2022-12-28,3949.785390976679,Oreo Biscuit
2022-12-29,2523.826851803591,Oreo Biscuit
2022-12-30,-431.2720477788632,Oreo Biscuit
2022-12-31,-614.54017053137,Oreo Biscuit
2022-01-02,85.99986425793634,Peanut Chikki Bar
2022-01-04,34.00014285113127,Peanut Chikki Bar
2022-01-06,36.99979231632767,Peanut Chikki Bar
2022-03-04,86.99985008905628,Peanut Chikki Bar
2022-04-01,258.99983782608933,Peanut Chikki Bar
2022-04-03,27.99999058264893,Peanut Chikki Bar
2022-04-06,180.0003405467719,Peanut Chikki Bar
2022-05-01,15.999802319724497,Peanut Chikki Bar
2022-06-03,58.99961847779059,Peanut Chikki Bar
2022-07-02,452.0002635187557,Peanut Chikki Bar
2022-08-04,52.999952325308186,Peanut Chikki Bar
2022-10-06,199.99979018863812,Peanut Chikki Bar
2022-10-07,2142.051319514323,Peanut Chikki Bar
2022-10-08,16491.863442079568,Peanut Chikki Bar
2022-10-09,2936.853974620695,Peanut Chikki Bar
2022-10-10,-14542.350915745214,Peanut Chikki Bar
2022-10-11,6203.323595935669,Peanut Chikki Bar
2022-10-12,6398.434231798234,Peanut Chikki Bar
2022-10-13,9265.54208644534,Peanut Chikki Bar
2022-10-14,11633.81880112195,Peanut Chikki Bar
2022-10-15,26331.28228763269,Peanut Chikki Bar
2022-10-16,13032.951590652934,Peanut Chikki Bar
2022-10-17,-4292.260164792642,Peanut Chikki Bar
2022-10-18,16493.944457805424,Peanut Chikki Bar
2022-10-19,16606.53805898355,Peanut Chikki Bar
2022-10-20,19259.950765405527,Peanut Chikki Bar
2022-10-21,21276.93234666576,Peanut Chikki Bar
2022-10-22,35481.03307431665,Peanut Chikki Bar
2022-10-23,21544.98558170763,Peanut Chikki Bar
2022-10-24,3437.799090041226,Peanut Chikki Bar
2022-10-25,23300.417601395093,Peanut Chikki Bar
2022-10-26,22353.13803722024,Peanut Chikki Bar
2022-10-27,23818.472350804022,Peanut Chikki Bar
2022-10-28,24530.03575857676,Peanut Chikki Bar
2022-10-29,37324.99499232907,Peanut Chikki Bar
2022-10-30,21892.354990313182,Peanut Chikki Bar
2022-10-31,2219.893007404983,Peanut Chikki Bar
2022-11-01,20469.590984309467,Peanut Chikki Bar
2022-11-02,17884.7631509034,Peanut Chikki Bar
2022-11-03,17712.565723529486,Peanut Chikki Bar
2022-11-04,16812.47554234841,Peanut Chikki Bar
2022-11-05,28048.278086076654,Peanut Chikki Bar
2022-01-04,412.0000213078801,Pineapple Ice Cream
2022-02-01,132.99999568743286,Pineapple Ice Cream
2022-02-05,189.99999413284087,Pineapple Ice Cream
2022-03-03,53.00000031058755,Pineapple Ice Cream
2022-05-01,107.0000471460115,Pineapple Ice Cream
2022-05-02,16.000014319411434,Pineapple Ice Cream
2022-05-05,54.00002281301536,Pineapple Ice Cream
2022-06-02,68.00003249070897,Pineapple Ice Cream
2022-07-02,115.00002198643516,Pineapple Ice Cream
2022-07-03,376.000021660744,Pineapple Ice Cream
2022-09-03,26.99996660717187,Pineapple Ice Cream
2022-09-05,298.99995040390206,Pineapple Ice Cream
2022-09-06,313.9999661232626,Pineapple Ice Cream
2022-11-02,37.00003253993907,Pineapple Ice Cream
2022-11-05,18.000041357707005,Pineapple Ice Cream
2022-12-02,433.99991712936543,Pineapple Ice Cream
2022-12-03,40.44742664491912,Pineapple Ice Cream
2022-12-04,1062.434229381117,Pineapple Ice Cream
2022-12-05,1922.7664180119275,Pineapple Ice Cream
2022-12-06,2705.3476009037795,Pineapple Ice Cream
2022-12-07,1634.502212998514,Pineapple Ice Cream
2022-12-08,4720.935763265034,Pineapple Ice Cream
2022-12-09,5433.916777456444,Pineapple Ice Cream
2022-12-10,4944.544688669082,Pineapple Ice Cream
2022-12-11,5807.144479810402,Pineapple Ice Cream
2022-12-12,6446.831003566204,Pineapple Ice Cream
2022-12-13,6950.777067670298,Pineapple Ice Cream
2022-12-14,5547.474565055776,Pineapple Ice Cream
2022-12-15,8252.61693946767,Pineapple Ice Cream
2022-12-16,8541.189502237621,Pineapple Ice Cream
2022-12-17,7590.633846421571,Pineapple Ice Cream
2022-12-18,7962.129345119228,Pineapple Ice Cream
2022-12-19,8088.036978613948,Pineapple Ice Cream
2022-12-20,8063.041982399601,Pineapple Ice Cream
2022-12-21,6123.287031570001,Pineapple Ice Cream
2022-12-22,8292.126669659407,Pineapple Ice Cream
2022-12-23,8052.091846816185,Pineapple Ice Cream
2022-12-24,6587.933050513437,Pineapple Ice Cream
2022-12-25,6467.787098086018,Pineapple Ice Cream
2022-12-26,6130.514729125679,Pineapple Ice Cream
2022-12-27,5676.7471626830775,Pineapple Ice Cream
2022-12-28,3347.934763900272,Pineapple Ice Cream
2022-12-29,5172.029694751583,Pineapple Ice Cream
2022-12-30,4635.392306980624,Pineapple Ice Cream
2022-12-31,2925.7903741514883,Pineapple Ice Cream
2023-01-01,2613.536567505565,Pineapple Ice Cream
2022-01-02,471.9999950409185,Strawberry Sundae
2022-02-06,210.0001366487596,Strawberry Sundae
2022-03-06,63.99993745983102,Strawberry Sundae
2022-04-02,30.99992570041718,Strawberry Sundae
2022-04-03,294.9999385478768,Strawberry Sundae
2022-04-04,9.99997522186959,Strawberry Sundae
2022-05-05,63.99996799621863,Strawberry Sundae
2022-06-05,268.00004941902534,Strawberry Sundae
2022-08-01,202.99995786583213,Strawberry Sundae
2022-09-02,63.99993278195143,Strawberry Sundae
2022-11-05,83.99976863556276,Strawberry Sundae
2022-12-05,185.00000755879864,Strawberry Sundae
2022-12-06,-7499.420230020151,Strawberry Sundae
2022-12-07,-8143.703381492845,Strawberry Sundae
2022-12-08,-7109.662407998791,Strawberry Sundae
2022-12-09,-5131.3772389597225,Strawberry Sundae
2022-12-10,-3207.5746837072666,Strawberry Sundae
2022-12-11,-2659.608028565919,Strawberry Sundae
2022-12-12,-2726.0268451937545,Strawberry Sundae
2022-12-13,-11231.757112176025,Strawberry Sundae
2022-12-14,-12621.717370970397,Strawberry Sundae
2022-12-15,-12234.53304351603,Strawberry Sundae
2022-12-16,-10783.401122133237,Strawberry Sundae
2022-12-17,-9249.045060194316,Strawberry Sundae
2022-12-18,-8938.19582743605,Strawberry Sundae
2022-12-19,-9078.576080149523,Strawberry Sundae
2022-12-20,-17488.396290796827,Strawberry Sundae
2022-12-21,-18610.179926289755,Strawberry Sundae
2022-12-22,-17784.574031799522,Strawberry Sundae
2022-12-23,-15731.194681024685,Strawberry Sundae
2022-12-24,-13441.447465926549,Strawberry Sundae
2022-12-25,-12236.762421304196,Strawberry Sundae
2022-12-26,-11363.226759017753,Strawberry Sundae
2022-12-27,-18660.633497944786,Strawberry Sundae
2022-12-28,-18595.77488655643,Strawberry Sundae
2022-12-29,-16535.651025201318,Strawberry Sundae
2022-12-30,-13227.65905932886,Strawberry Sundae
2022-12-31,-9691.720453064405,Strawberry Sundae
2023-01-01,-7277.804028771823,Strawberry Sundae
2023-01-02,-5259.846893702683,Strawberry Sundae
2023-01-03,-11504.110034081406,Strawberry Sundae
2023-01-04,-10501.815607842567,Strawberry Sundae
2022-03-02,179.00002692875074,Vanilla Cone
2022-03-03,254.00004029078104,Vanilla Cone
2022-04-01,134.99990532148445,Vanilla Cone
2022-04-05,258.9999341983649,Vanilla Cone
2022-05-01,20.00006500368997,Vanilla Cone
2022-05-05,546.000095368074,Vanilla Cone
2022-06-01,174.00006747903603,Vanilla Cone
2022-06-04,16.99999902824905,Vanilla Cone
2022-07-05,27.999926108666955,Vanilla Cone
2022-08-02,51.00002035994049,Vanilla Cone
2022-08-03,209.00005579851265,Vanilla Cone
2022-10-02,233.00000018780477,Vanilla Cone
2022-10-04,103.99997900102652,Vanilla Cone
2022-10-06,128.00003320102155,Vanilla Cone
2022-11-01,100.99992907446529,Vanilla Cone
2022-11-04,353.9999080324616,Vanilla Cone
2022-11-05,1542.040903542239,Vanilla Cone
2022-11-06,814.12756886238,Vanilla Cone
2022-11-07,-2517.3824878118376,Vanilla Cone
2022-11-08,1322.0397225893505,Vanilla Cone
2022-11-09,1367.6018079066582,Vanilla Cone
2022-11-10,2086.971573058576,Vanilla Cone
2022-11-11,2014.5199631520009,Vanilla Cone
2022-11-12,3347.5015068887865,Vanilla Cone
2022-11-13,2757.0088697206934,Vanilla Cone
2022-11-14,-449.0119992022695,Vanilla Cone
2022-11-15,3499.489929314687,Vanilla Cone
2022-11-16,3633.316002433201,Vanilla Cone
2022-11-17,4415.940537731037,Vanilla Cone
2022-11-18,4377.89349419306,Vanilla Cone
2022-11-19,5713.074845997363,Vanilla Cone
2022-11-20,5089.832924237692,Vanilla Cone
2022-11-21,1814.089109618096,Vanilla Cone
2022-11-22,5654.681202903339,Vanilla Cone
2022-11-23,5642.079028485751,Vanilla Cone
2022-11-24,6240.353603826805,Vanilla Cone
2022-11-25,5981.580523305429,Vanilla Cone
2022-11-26,7062.14803795162,Vanilla Cone
2022-11-27,6153.80169123795,Vanilla Cone
2022-11-28,2566.7083092316825,Vanilla Cone
2022-11-29,6074.712904328839,Vanilla Cone
2022-11-30,5713.944070076295,Vanilla Cone
2022-12-01,5954.651960866917,Vanilla Cone
2022-12-02,5335.462930398704,Vanilla Cone
2022-12-03,6059.525306171249,Vanilla Cone
2022-12-04,4805.3826137060405,Vanilla Cone
